,dates,pulled
0,2000-10-31,
1,2000-11-01,
2,2000-11-02,
3,2000-11-03,
4,2000-11-04,
5,2000-11-05,
6,2000-11-06,
7,2000-11-07,
8,2000-11-08,
9,2000-11-09,
10,2000-11-10,
11,2000-11-11,
12,2000-11-12,
13,2000-11-13,
14,2000-11-14,
15,2000-11-15,
16,2000-11-16,
17,2000-11-17,
18,2000-11-18,
19,2000-11-19,
20,2000-11-20,
21,2000-11-21,
22,2000-11-22,
23,2000-11-23,
24,2000-11-24,
25,2000-11-25,
26,2000-11-26,
27,2000-11-27,
28,2000-11-28,
29,2000-11-29,
30,2000-11-30,
31,2000-12-01,
32,2000-12-02,
33,2000-12-03,
34,2000-12-04,
35,2000-12-05,
36,2000-12-06,
37,2000-12-07,
38,2000-12-08,
39,2000-12-09,
40,2000-12-10,
41,2000-12-11,
42,2000-12-12,
43,2000-12-13,
44,2000-12-14,
45,2000-12-15,
46,2000-12-16,
47,2000-12-17,
48,2000-12-18,
49,2000-12-19,
50,2000-12-20,
51,2000-12-21,
52,2000-12-22,
53,2000-12-23,
54,2000-12-24,
55,2000-12-25,
56,2000-12-26,
57,2000-12-27,
58,2000-12-28,
59,2000-12-29,
60,2000-12-30,
61,2000-12-31,
62,2001-01-01,
63,2001-01-02,
64,2001-01-03,
65,2001-01-04,
66,2001-01-05,
67,2001-01-06,
68,2001-01-07,
69,2001-01-08,
70,2001-01-09,
71,2001-01-10,
72,2001-01-11,
73,2001-01-12,
74,2001-01-13,
75,2001-01-14,
76,2001-01-15,
77,2001-01-16,
78,2001-01-17,
79,2001-01-18,
80,2001-01-19,
81,2001-01-20,
82,2001-01-21,
83,2001-01-22,
84,2001-01-23,
85,2001-01-24,
86,2001-01-25,
87,2001-01-26,
88,2001-01-27,
89,2001-01-28,
90,2001-01-29,
91,2001-01-30,
92,2001-01-31,
93,2001-02-01,
94,2001-02-02,
95,2001-02-03,
96,2001-02-04,
97,2001-02-05,
98,2001-02-06,
99,2001-02-07,
100,2001-02-08,
101,2001-02-09,
102,2001-02-10,
103,2001-02-11,
104,2001-02-12,
105,2001-02-13,
106,2001-02-14,
107,2001-02-15,
108,2001-02-16,
109,2001-02-17,
110,2001-02-18,
111,2001-02-19,
112,2001-02-20,
113,2001-02-21,
114,2001-02-22,
115,2001-02-23,
116,2001-02-24,
117,2001-02-25,
118,2001-02-26,
119,2001-02-27,
120,2001-02-28,
121,2001-03-01,
122,2001-03-02,
123,2001-03-03,
124,2001-03-04,
125,2001-03-05,
126,2001-03-06,
127,2001-03-07,
128,2001-03-08,
129,2001-03-09,
130,2001-03-10,
131,2001-03-11,
132,2001-03-12,
133,2001-03-13,
134,2001-03-14,
135,2001-03-15,
136,2001-03-16,
137,2001-03-17,
138,2001-03-18,
139,2001-03-19,
140,2001-03-20,
141,2001-03-21,
142,2001-03-22,
143,2001-03-23,
144,2001-03-24,
145,2001-03-25,
146,2001-03-26,
147,2001-03-27,
148,2001-03-28,
149,2001-03-29,
150,2001-03-30,
151,2001-03-31,
152,2001-04-01,
153,2001-04-02,
154,2001-04-03,
155,2001-04-04,
156,2001-04-05,
157,2001-04-06,
158,2001-04-07,
159,2001-04-08,
160,2001-04-09,
161,2001-04-10,
162,2001-04-11,
163,2001-04-12,
164,2001-04-13,
165,2001-04-14,
166,2001-04-15,
167,2001-04-16,
168,2001-04-17,
169,2001-04-18,
170,2001-10-30,
171,2001-10-31,
172,2001-11-01,
173,2001-11-02,
174,2001-11-03,
175,2001-11-04,
176,2001-11-05,
177,2001-11-06,
178,2001-11-07,
179,2001-11-08,
180,2001-11-09,
181,2001-11-10,
182,2001-11-11,
183,2001-11-12,
184,2001-11-13,
185,2001-11-14,
186,2001-11-15,
187,2001-11-16,
188,2001-11-17,
189,2001-11-18,
190,2001-11-19,
191,2001-11-20,
192,2001-11-21,
193,2001-11-22,
194,2001-11-23,
195,2001-11-24,
196,2001-11-25,
197,2001-11-26,
198,2001-11-27,
199,2001-11-28,
200,2001-11-29,
201,2001-11-30,
202,2001-12-01,
203,2001-12-02,
204,2001-12-03,
205,2001-12-04,
206,2001-12-05,
207,2001-12-06,
208,2001-12-07,
209,2001-12-08,
210,2001-12-09,
211,2001-12-10,
212,2001-12-11,
213,2001-12-12,
214,2001-12-13,
215,2001-12-14,
216,2001-12-15,
217,2001-12-16,
218,2001-12-17,
219,2001-12-18,
220,2001-12-19,
221,2001-12-20,
222,2001-12-21,
223,2001-12-22,
224,2001-12-23,
225,2001-12-24,
226,2001-12-25,
227,2001-12-26,
228,2001-12-27,
229,2001-12-28,
230,2001-12-29,
231,2001-12-30,
232,2001-12-31,
233,2002-01-01,
234,2002-01-02,
235,2002-01-03,
236,2002-01-04,
237,2002-01-05,
238,2002-01-06,
239,2002-01-07,
240,2002-01-08,
241,2002-01-09,
242,2002-01-10,
243,2002-01-11,
244,2002-01-12,
245,2002-01-13,
246,2002-01-14,
247,2002-01-15,
248,2002-01-16,
249,2002-01-17,
250,2002-01-18,
251,2002-01-19,
252,2002-01-20,
253,2002-01-21,
254,2002-01-22,
255,2002-01-23,
256,2002-01-24,
257,2002-01-25,
258,2002-01-26,
259,2002-01-27,
260,2002-01-28,
261,2002-01-29,
262,2002-01-30,
263,2002-01-31,
264,2002-02-01,
265,2002-02-02,
266,2002-02-03,
267,2002-02-04,
268,2002-02-05,
269,2002-02-06,
270,2002-02-07,
271,2002-02-08,
272,2002-02-09,
273,2002-02-10,
274,2002-02-11,
275,2002-02-12,
276,2002-02-13,
277,2002-02-14,
278,2002-02-15,
279,2002-02-16,
280,2002-02-17,
281,2002-02-18,
282,2002-02-19,
283,2002-02-20,
284,2002-02-21,
285,2002-02-22,
286,2002-02-23,
287,2002-02-24,
288,2002-02-25,
289,2002-02-26,
290,2002-02-27,
291,2002-02-28,
292,2002-03-01,
293,2002-03-02,
294,2002-03-03,
295,2002-03-04,
296,2002-03-05,
297,2002-03-06,
298,2002-03-07,
299,2002-03-08,
300,2002-03-09,
301,2002-03-10,
302,2002-03-11,
303,2002-03-12,
304,2002-03-13,
305,2002-03-14,
306,2002-03-15,
307,2002-03-16,
308,2002-03-17,
309,2002-03-18,
310,2002-03-19,
311,2002-03-20,
312,2002-03-21,
313,2002-03-22,
314,2002-03-23,
315,2002-03-24,
316,2002-03-25,
317,2002-03-26,
318,2002-03-27,
319,2002-03-28,
320,2002-03-29,
321,2002-03-30,
322,2002-03-31,
323,2002-04-01,
324,2002-04-02,
325,2002-04-03,
326,2002-04-04,
327,2002-04-05,
328,2002-04-06,
329,2002-04-07,
330,2002-04-08,
331,2002-04-09,
332,2002-04-10,
333,2002-04-11,
334,2002-04-12,
335,2002-04-13,
336,2002-04-14,
337,2002-04-15,
338,2002-04-16,
339,2002-04-17,
340,2002-10-29,
341,2002-10-30,
342,2002-10-31,
343,2002-11-01,
344,2002-11-02,
345,2002-11-03,
346,2002-11-04,
347,2002-11-05,
348,2002-11-06,
349,2002-11-07,
350,2002-11-08,
351,2002-11-09,
352,2002-11-10,
353,2002-11-11,
354,2002-11-12,
355,2002-11-13,
356,2002-11-14,
357,2002-11-15,
358,2002-11-16,
359,2002-11-17,
360,2002-11-18,
361,2002-11-19,
362,2002-11-20,
363,2002-11-21,
364,2002-11-22,
365,2002-11-23,
366,2002-11-24,
367,2002-11-25,
368,2002-11-26,
369,2002-11-27,
370,2002-11-28,
371,2002-11-29,
372,2002-11-30,
373,2002-12-01,
374,2002-12-02,
375,2002-12-03,
376,2002-12-04,
377,2002-12-05,
378,2002-12-06,
379,2002-12-07,
380,2002-12-08,
381,2002-12-09,
382,2002-12-10,
383,2002-12-11,
384,2002-12-12,
385,2002-12-13,
386,2002-12-14,
387,2002-12-15,
388,2002-12-16,
389,2002-12-17,
390,2002-12-18,
391,2002-12-19,
392,2002-12-20,
393,2002-12-21,
394,2002-12-22,
395,2002-12-23,
396,2002-12-24,
397,2002-12-25,
398,2002-12-26,
399,2002-12-27,
400,2002-12-28,
401,2002-12-29,
402,2002-12-30,
403,2002-12-31,
404,2003-01-01,
405,2003-01-02,
406,2003-01-03,
407,2003-01-04,
408,2003-01-05,
409,2003-01-06,
410,2003-01-07,
411,2003-01-08,
412,2003-01-09,
413,2003-01-10,
414,2003-01-11,
415,2003-01-12,
416,2003-01-13,
417,2003-01-14,
418,2003-01-15,
419,2003-01-16,
420,2003-01-17,
421,2003-01-18,
422,2003-01-19,
423,2003-01-20,
424,2003-01-21,
425,2003-01-22,
426,2003-01-23,
427,2003-01-24,
428,2003-01-25,
429,2003-01-26,
430,2003-01-27,
431,2003-01-28,
432,2003-01-29,
433,2003-01-30,
434,2003-01-31,
435,2003-02-01,
436,2003-02-02,
437,2003-02-03,
438,2003-02-04,
439,2003-02-05,
440,2003-02-06,
441,2003-02-07,
442,2003-02-08,
443,2003-02-09,
444,2003-02-10,
445,2003-02-11,
446,2003-02-12,
447,2003-02-13,
448,2003-02-14,
449,2003-02-15,
450,2003-02-16,
451,2003-02-17,
452,2003-02-18,
453,2003-02-19,
454,2003-02-20,
455,2003-02-21,
456,2003-02-22,
457,2003-02-23,
458,2003-02-24,
459,2003-02-25,
460,2003-02-26,
461,2003-02-27,
462,2003-02-28,
463,2003-03-01,
464,2003-03-02,
465,2003-03-03,
466,2003-03-04,
467,2003-03-05,
468,2003-03-06,
469,2003-03-07,
470,2003-03-08,
471,2003-03-09,
472,2003-03-10,
473,2003-03-11,
474,2003-03-12,
475,2003-03-13,
476,2003-03-14,
477,2003-03-15,
478,2003-03-16,
479,2003-03-17,
480,2003-03-18,
481,2003-03-19,
482,2003-03-20,
483,2003-03-21,
484,2003-03-22,
485,2003-03-23,
486,2003-03-24,
487,2003-03-25,
488,2003-03-26,
489,2003-03-27,
490,2003-03-28,
491,2003-03-29,
492,2003-03-30,
493,2003-03-31,
494,2003-04-01,
495,2003-04-02,
496,2003-04-03,
497,2003-04-04,
498,2003-04-05,
499,2003-04-06,
500,2003-04-07,
501,2003-04-08,
502,2003-04-09,
503,2003-04-10,
504,2003-04-11,
505,2003-04-12,
506,2003-04-13,
507,2003-04-14,
508,2003-04-15,
509,2003-04-16,
510,2003-10-28,
511,2003-10-29,
512,2003-10-30,
513,2003-10-31,
514,2003-11-01,
515,2003-11-02,
516,2003-11-03,
517,2003-11-04,
518,2003-11-05,
519,2003-11-06,
520,2003-11-07,
521,2003-11-08,
522,2003-11-09,
523,2003-11-10,
524,2003-11-11,
525,2003-11-12,
526,2003-11-13,
527,2003-11-14,
528,2003-11-15,
529,2003-11-16,
530,2003-11-17,
531,2003-11-18,
532,2003-11-19,
533,2003-11-20,
534,2003-11-21,
535,2003-11-22,
536,2003-11-23,
537,2003-11-24,
538,2003-11-25,
539,2003-11-26,
540,2003-11-27,
541,2003-11-28,
542,2003-11-29,
543,2003-11-30,
544,2003-12-01,
545,2003-12-02,
546,2003-12-03,
547,2003-12-04,
548,2003-12-05,
549,2003-12-06,
550,2003-12-07,
551,2003-12-08,
552,2003-12-09,
553,2003-12-10,
554,2003-12-11,
555,2003-12-12,
556,2003-12-13,
557,2003-12-14,
558,2003-12-15,
559,2003-12-16,
560,2003-12-17,
561,2003-12-18,
562,2003-12-19,
563,2003-12-20,
564,2003-12-21,
565,2003-12-22,
566,2003-12-23,
567,2003-12-24,
568,2003-12-25,
569,2003-12-26,
570,2003-12-27,
571,2003-12-28,
572,2003-12-29,
573,2003-12-30,
574,2003-12-31,
575,2004-01-01,
576,2004-01-02,
577,2004-01-03,
578,2004-01-04,
579,2004-01-05,
580,2004-01-06,
581,2004-01-07,
582,2004-01-08,
583,2004-01-09,
584,2004-01-10,
585,2004-01-11,
586,2004-01-12,
587,2004-01-13,
588,2004-01-14,
589,2004-01-15,
590,2004-01-16,
591,2004-01-17,
592,2004-01-18,
593,2004-01-19,
594,2004-01-20,
595,2004-01-21,
596,2004-01-22,
597,2004-01-23,
598,2004-01-24,
599,2004-01-25,
600,2004-01-26,
601,2004-01-27,
602,2004-01-28,
603,2004-01-29,
604,2004-01-30,
605,2004-01-31,
606,2004-02-01,
607,2004-02-02,
608,2004-02-03,
609,2004-02-04,
610,2004-02-05,
611,2004-02-06,
612,2004-02-07,
613,2004-02-08,
614,2004-02-09,
615,2004-02-10,
616,2004-02-11,
617,2004-02-12,
618,2004-02-13,
619,2004-02-14,
620,2004-02-15,
621,2004-02-16,
622,2004-02-17,
623,2004-02-18,
624,2004-02-19,
625,2004-02-20,
626,2004-02-21,
627,2004-02-22,
628,2004-02-23,
629,2004-02-24,
630,2004-02-25,
631,2004-02-26,
632,2004-02-27,
633,2004-02-28,
634,2004-02-29,
635,2004-03-01,
636,2004-03-02,
637,2004-03-03,
638,2004-03-04,
639,2004-03-05,
640,2004-03-06,
641,2004-03-07,
642,2004-03-08,
643,2004-03-09,
644,2004-03-10,
645,2004-03-11,
646,2004-03-12,
647,2004-03-13,
648,2004-03-14,
649,2004-03-15,
650,2004-03-16,
651,2004-03-17,
652,2004-03-18,
653,2004-03-19,
654,2004-03-20,
655,2004-03-21,
656,2004-03-22,
657,2004-03-23,
658,2004-03-24,
659,2004-03-25,
660,2004-03-26,
661,2004-03-27,
662,2004-03-28,
663,2004-03-29,
664,2004-03-30,
665,2004-03-31,
666,2004-04-01,
667,2004-04-02,
668,2004-04-03,
669,2004-04-04,
670,2004-04-05,
671,2004-04-06,
672,2004-04-07,
673,2004-04-08,
674,2004-04-09,
675,2004-04-10,
676,2004-04-11,
677,2004-04-12,
678,2004-04-13,
679,2004-04-14,
680,2004-11-02,
681,2004-11-03,
682,2004-11-04,
683,2004-11-05,
684,2004-11-06,
685,2004-11-07,
686,2004-11-08,
687,2004-11-09,
688,2004-11-10,
689,2004-11-11,
690,2004-11-12,
691,2004-11-13,
692,2004-11-14,
693,2004-11-15,
694,2004-11-16,
695,2004-11-17,
696,2004-11-18,
697,2004-11-19,
698,2004-11-20,
699,2004-11-21,
700,2004-11-22,
701,2004-11-23,
702,2004-11-24,
703,2004-11-25,
704,2004-11-26,
705,2004-11-27,
706,2004-11-28,
707,2004-11-29,
708,2004-11-30,
709,2004-12-01,
710,2004-12-02,
711,2004-12-03,
712,2004-12-04,
713,2004-12-05,
714,2004-12-06,
715,2004-12-07,
716,2004-12-08,
717,2004-12-09,
718,2004-12-10,
719,2004-12-11,
720,2004-12-12,
721,2004-12-13,
722,2004-12-14,
723,2004-12-15,
724,2004-12-16,
725,2004-12-17,
726,2004-12-18,
727,2004-12-19,
728,2004-12-20,
729,2004-12-21,
730,2004-12-22,
731,2004-12-23,
732,2004-12-24,
733,2004-12-25,
734,2004-12-26,
735,2004-12-27,
736,2004-12-28,
737,2004-12-29,
738,2004-12-30,
739,2004-12-31,
740,2005-01-01,
741,2005-01-02,
742,2005-01-03,
743,2005-01-04,
744,2005-01-05,
745,2005-01-06,
746,2005-01-07,
747,2005-01-08,
748,2005-01-09,
749,2005-01-10,
750,2005-01-11,
751,2005-01-12,
752,2005-01-13,
753,2005-01-14,
754,2005-01-15,
755,2005-01-16,
756,2005-01-17,
757,2005-01-18,
758,2005-01-19,
759,2005-01-20,
760,2005-01-21,
761,2005-01-22,
762,2005-01-23,
763,2005-01-24,
764,2005-01-25,
765,2005-01-26,
766,2005-01-27,
767,2005-01-28,
768,2005-01-29,
769,2005-01-30,
770,2005-01-31,
771,2005-02-01,
772,2005-02-02,
773,2005-02-03,
774,2005-02-04,
775,2005-02-05,
776,2005-02-06,
777,2005-02-07,
778,2005-02-08,
779,2005-02-09,
780,2005-02-10,
781,2005-02-11,
782,2005-02-12,
783,2005-02-13,
784,2005-02-14,
785,2005-02-15,
786,2005-02-16,
787,2005-02-17,
788,2005-02-18,
789,2005-02-19,
790,2005-02-20,
791,2005-02-21,
792,2005-02-22,
793,2005-02-23,
794,2005-02-24,
795,2005-02-25,
796,2005-02-26,
797,2005-02-27,
798,2005-02-28,
799,2005-03-01,
800,2005-03-02,
801,2005-03-03,
802,2005-03-04,
803,2005-03-05,
804,2005-03-06,
805,2005-03-07,
806,2005-03-08,
807,2005-03-09,
808,2005-03-10,
809,2005-03-11,
810,2005-03-12,
811,2005-03-13,
812,2005-03-14,
813,2005-03-15,
814,2005-03-16,
815,2005-03-17,
816,2005-03-18,
817,2005-03-19,
818,2005-03-20,
819,2005-03-21,
820,2005-03-22,
821,2005-03-23,
822,2005-03-24,
823,2005-03-25,
824,2005-03-26,
825,2005-03-27,
826,2005-03-28,
827,2005-03-29,
828,2005-03-30,
829,2005-03-31,
830,2005-04-01,
831,2005-04-02,
832,2005-04-03,
833,2005-04-04,
834,2005-04-05,
835,2005-04-06,
836,2005-04-07,
837,2005-04-08,
838,2005-04-09,
839,2005-04-10,
840,2005-04-11,
841,2005-04-12,
842,2005-04-13,
843,2005-04-14,
844,2005-04-15,
845,2005-04-16,
846,2005-04-17,
847,2005-04-18,
848,2005-04-19,
849,2005-04-20,
850,2005-11-01,
851,2005-11-02,
852,2005-11-03,
853,2005-11-04,
854,2005-11-05,
855,2005-11-06,
856,2005-11-07,
857,2005-11-08,
858,2005-11-09,
859,2005-11-10,
860,2005-11-11,
861,2005-11-12,
862,2005-11-13,
863,2005-11-14,
864,2005-11-15,
865,2005-11-16,
866,2005-11-17,
867,2005-11-18,
868,2005-11-19,
869,2005-11-20,
870,2005-11-21,
871,2005-11-22,
872,2005-11-23,
873,2005-11-24,
874,2005-11-25,
875,2005-11-26,
876,2005-11-27,
877,2005-11-28,
878,2005-11-29,
879,2005-11-30,
880,2005-12-01,
881,2005-12-02,
882,2005-12-03,
883,2005-12-04,
884,2005-12-05,
885,2005-12-06,
886,2005-12-07,
887,2005-12-08,
888,2005-12-09,
889,2005-12-10,
890,2005-12-11,
891,2005-12-12,
892,2005-12-13,
893,2005-12-14,
894,2005-12-15,
895,2005-12-16,
896,2005-12-17,
897,2005-12-18,
898,2005-12-19,
899,2005-12-20,
900,2005-12-21,
901,2005-12-22,
902,2005-12-23,
903,2005-12-24,
904,2005-12-25,
905,2005-12-26,
906,2005-12-27,
907,2005-12-28,
908,2005-12-29,
909,2005-12-30,
910,2005-12-31,
911,2006-01-01,
912,2006-01-02,
913,2006-01-03,
914,2006-01-04,
915,2006-01-05,
916,2006-01-06,
917,2006-01-07,
918,2006-01-08,
919,2006-01-09,
920,2006-01-10,
921,2006-01-11,
922,2006-01-12,
923,2006-01-13,
924,2006-01-14,
925,2006-01-15,
926,2006-01-16,
927,2006-01-17,
928,2006-01-18,
929,2006-01-19,
930,2006-01-20,
931,2006-01-21,
932,2006-01-22,
933,2006-01-23,
934,2006-01-24,
935,2006-01-25,
936,2006-01-26,
937,2006-01-27,
938,2006-01-28,
939,2006-01-29,
940,2006-01-30,
941,2006-01-31,
942,2006-02-01,
943,2006-02-02,
944,2006-02-03,
945,2006-02-04,
946,2006-02-05,
947,2006-02-06,
948,2006-02-07,
949,2006-02-08,
950,2006-02-09,
951,2006-02-10,
952,2006-02-11,
953,2006-02-12,
954,2006-02-13,
955,2006-02-14,
956,2006-02-15,
957,2006-02-16,
958,2006-02-17,
959,2006-02-18,
960,2006-02-19,
961,2006-02-20,
962,2006-02-21,
963,2006-02-22,
964,2006-02-23,
965,2006-02-24,
966,2006-02-25,
967,2006-02-26,
968,2006-02-27,
969,2006-02-28,
970,2006-03-01,
971,2006-03-02,
972,2006-03-03,
973,2006-03-04,
974,2006-03-05,
975,2006-03-06,
976,2006-03-07,
977,2006-03-08,
978,2006-03-09,
979,2006-03-10,
980,2006-03-11,
981,2006-03-12,
982,2006-03-13,
983,2006-03-14,
984,2006-03-15,
985,2006-03-16,
986,2006-03-17,
987,2006-03-18,
988,2006-03-19,
989,2006-03-20,
990,2006-03-21,
991,2006-03-22,
992,2006-03-23,
993,2006-03-24,
994,2006-03-25,
995,2006-03-26,
996,2006-03-27,
997,2006-03-28,
998,2006-03-29,
999,2006-03-30,
1000,2006-03-31,
1001,2006-04-01,
1002,2006-04-02,
1003,2006-04-03,
1004,2006-04-04,
1005,2006-04-05,
1006,2006-04-06,
1007,2006-04-07,
1008,2006-04-08,
1009,2006-04-09,
1010,2006-04-10,
1011,2006-04-11,
1012,2006-04-12,
1013,2006-04-13,
1014,2006-04-14,
1015,2006-04-15,
1016,2006-04-16,
1017,2006-04-17,
1018,2006-04-18,
1019,2006-04-19,
1020,2006-10-31,
1021,2006-11-01,
1022,2006-11-02,
1023,2006-11-03,
1024,2006-11-04,
1025,2006-11-05,
1026,2006-11-06,
1027,2006-11-07,
1028,2006-11-08,
1029,2006-11-09,
1030,2006-11-10,
1031,2006-11-11,
1032,2006-11-12,
1033,2006-11-13,
1034,2006-11-14,
1035,2006-11-15,
1036,2006-11-16,
1037,2006-11-17,
1038,2006-11-18,
1039,2006-11-19,
1040,2006-11-20,
1041,2006-11-21,
1042,2006-11-22,
1043,2006-11-23,
1044,2006-11-24,
1045,2006-11-25,
1046,2006-11-26,
1047,2006-11-27,
1048,2006-11-28,
1049,2006-11-29,
1050,2006-11-30,
1051,2006-12-01,
1052,2006-12-02,
1053,2006-12-03,
1054,2006-12-04,
1055,2006-12-05,
1056,2006-12-06,
1057,2006-12-07,
1058,2006-12-08,
1059,2006-12-09,
1060,2006-12-10,
1061,2006-12-11,
1062,2006-12-12,
1063,2006-12-13,
1064,2006-12-14,
1065,2006-12-15,
1066,2006-12-16,
1067,2006-12-17,
1068,2006-12-18,
1069,2006-12-19,
1070,2006-12-20,
1071,2006-12-21,
1072,2006-12-22,
1073,2006-12-23,
1074,2006-12-24,
1075,2006-12-25,
1076,2006-12-26,
1077,2006-12-27,
1078,2006-12-28,
1079,2006-12-29,
1080,2006-12-30,
1081,2006-12-31,
1082,2007-01-01,
1083,2007-01-02,
1084,2007-01-03,
1085,2007-01-04,
1086,2007-01-05,
1087,2007-01-06,
1088,2007-01-07,
1089,2007-01-08,
1090,2007-01-09,
1091,2007-01-10,
1092,2007-01-11,
1093,2007-01-12,
1094,2007-01-13,
1095,2007-01-14,
1096,2007-01-15,
1097,2007-01-16,
1098,2007-01-17,
1099,2007-01-18,
1100,2007-01-19,
1101,2007-01-20,
1102,2007-01-21,
1103,2007-01-22,
1104,2007-01-23,
1105,2007-01-24,
1106,2007-01-25,
1107,2007-01-26,
1108,2007-01-27,
1109,2007-01-28,
1110,2007-01-29,
1111,2007-01-30,
1112,2007-01-31,
1113,2007-02-01,
1114,2007-02-02,
1115,2007-02-03,
1116,2007-02-04,
1117,2007-02-05,
1118,2007-02-06,
1119,2007-02-07,
1120,2007-02-08,
1121,2007-02-09,
1122,2007-02-10,
1123,2007-02-11,
1124,2007-02-12,
1125,2007-02-13,
1126,2007-02-14,
1127,2007-02-15,
1128,2007-02-16,
1129,2007-02-17,
1130,2007-02-18,
1131,2007-02-19,
1132,2007-02-20,
1133,2007-02-21,
1134,2007-02-22,
1135,2007-02-23,
1136,2007-02-24,
1137,2007-02-25,
1138,2007-02-26,
1139,2007-02-27,
1140,2007-02-28,
1141,2007-03-01,
1142,2007-03-02,
1143,2007-03-03,
1144,2007-03-04,
1145,2007-03-05,
1146,2007-03-06,
1147,2007-03-07,
1148,2007-03-08,
1149,2007-03-09,
1150,2007-03-10,
1151,2007-03-11,
1152,2007-03-12,
1153,2007-03-13,
1154,2007-03-14,
1155,2007-03-15,
1156,2007-03-16,
1157,2007-03-17,
1158,2007-03-18,
1159,2007-03-19,
1160,2007-03-20,
1161,2007-03-21,
1162,2007-03-22,
1163,2007-03-23,
1164,2007-03-24,
1165,2007-03-25,
1166,2007-03-26,
1167,2007-03-27,
1168,2007-03-28,
1169,2007-03-29,
1170,2007-03-30,
1171,2007-03-31,
1172,2007-04-01,
1173,2007-04-02,
1174,2007-04-03,
1175,2007-04-04,
1176,2007-04-05,
1177,2007-04-06,
1178,2007-04-07,
1179,2007-04-08,
1180,2007-04-09,
1181,2007-04-10,
1182,2007-04-11,
1183,2007-04-12,
1184,2007-04-13,
1185,2007-04-14,
1186,2007-04-15,
1187,2007-04-16,
1188,2007-04-17,
1189,2007-04-18,
1190,2007-10-30,
1191,2007-10-31,
1192,2007-11-01,
1193,2007-11-02,
1194,2007-11-03,
1195,2007-11-04,
1196,2007-11-05,
1197,2007-11-06,
1198,2007-11-07,
1199,2007-11-08,
1200,2007-11-09,
1201,2007-11-10,
1202,2007-11-11,
1203,2007-11-12,
1204,2007-11-13,
1205,2007-11-14,
1206,2007-11-15,
1207,2007-11-16,
1208,2007-11-17,
1209,2007-11-18,
1210,2007-11-19,
1211,2007-11-20,
1212,2007-11-21,
1213,2007-11-22,
1214,2007-11-23,
1215,2007-11-24,
1216,2007-11-25,
1217,2007-11-26,
1218,2007-11-27,
1219,2007-11-28,
1220,2007-11-29,
1221,2007-11-30,
1222,2007-12-01,
1223,2007-12-02,
1224,2007-12-03,
1225,2007-12-04,
1226,2007-12-05,
1227,2007-12-06,
1228,2007-12-07,
1229,2007-12-08,
1230,2007-12-09,
1231,2007-12-10,
1232,2007-12-11,
1233,2007-12-12,
1234,2007-12-13,
1235,2007-12-14,
1236,2007-12-15,
1237,2007-12-16,
1238,2007-12-17,
1239,2007-12-18,
1240,2007-12-19,
1241,2007-12-20,
1242,2007-12-21,
1243,2007-12-22,
1244,2007-12-23,
1245,2007-12-24,
1246,2007-12-25,
1247,2007-12-26,
1248,2007-12-27,
1249,2007-12-28,
1250,2007-12-29,
1251,2007-12-30,
1252,2007-12-31,
1253,2008-01-01,
1254,2008-01-02,
1255,2008-01-03,
1256,2008-01-04,
1257,2008-01-05,
1258,2008-01-06,
1259,2008-01-07,
1260,2008-01-08,
1261,2008-01-09,
1262,2008-01-10,
1263,2008-01-11,
1264,2008-01-12,
1265,2008-01-13,
1266,2008-01-14,
1267,2008-01-15,
1268,2008-01-16,
1269,2008-01-17,
1270,2008-01-18,
1271,2008-01-19,
1272,2008-01-20,
1273,2008-01-21,
1274,2008-01-22,
1275,2008-01-23,
1276,2008-01-24,
1277,2008-01-25,
1278,2008-01-26,
1279,2008-01-27,
1280,2008-01-28,
1281,2008-01-29,
1282,2008-01-30,
1283,2008-01-31,
1284,2008-02-01,
1285,2008-02-02,
1286,2008-02-03,
1287,2008-02-04,
1288,2008-02-05,
1289,2008-02-06,
1290,2008-02-07,
1291,2008-02-08,
1292,2008-02-09,
1293,2008-02-10,
1294,2008-02-11,
1295,2008-02-12,
1296,2008-02-13,
1297,2008-02-14,
1298,2008-02-15,
1299,2008-02-16,
1300,2008-02-17,
1301,2008-02-18,
1302,2008-02-19,
1303,2008-02-20,
1304,2008-02-21,
1305,2008-02-22,
1306,2008-02-23,
1307,2008-02-24,
1308,2008-02-25,
1309,2008-02-26,
1310,2008-02-27,
1311,2008-02-28,
1312,2008-02-29,
1313,2008-03-01,
1314,2008-03-02,
1315,2008-03-03,
1316,2008-03-04,
1317,2008-03-05,
1318,2008-03-06,
1319,2008-03-07,
1320,2008-03-08,
1321,2008-03-09,
1322,2008-03-10,
1323,2008-03-11,
1324,2008-03-12,
1325,2008-03-13,
1326,2008-03-14,
1327,2008-03-15,
1328,2008-03-16,
1329,2008-03-17,
1330,2008-03-18,
1331,2008-03-19,
1332,2008-03-20,
1333,2008-03-21,
1334,2008-03-22,
1335,2008-03-23,
1336,2008-03-24,
1337,2008-03-25,
1338,2008-03-26,
1339,2008-03-27,
1340,2008-03-28,
1341,2008-03-29,
1342,2008-03-30,
1343,2008-03-31,
1344,2008-04-01,
1345,2008-04-02,
1346,2008-04-03,
1347,2008-04-04,
1348,2008-04-05,
1349,2008-04-06,
1350,2008-04-07,
1351,2008-04-08,
1352,2008-04-09,
1353,2008-04-10,
1354,2008-04-11,
1355,2008-04-12,
1356,2008-04-13,
1357,2008-04-14,
1358,2008-04-15,
1359,2008-04-16,
1360,2008-10-28,
1361,2008-10-29,
1362,2008-10-30,
1363,2008-10-31,
1364,2008-11-01,
1365,2008-11-02,
1366,2008-11-03,
1367,2008-11-04,
1368,2008-11-05,
1369,2008-11-06,
1370,2008-11-07,
1371,2008-11-08,
1372,2008-11-09,
1373,2008-11-10,
1374,2008-11-11,
1375,2008-11-12,
1376,2008-11-13,
1377,2008-11-14,
1378,2008-11-15,
1379,2008-11-16,
1380,2008-11-17,
1381,2008-11-18,
1382,2008-11-19,
1383,2008-11-20,
1384,2008-11-21,
1385,2008-11-22,
1386,2008-11-23,
1387,2008-11-24,
1388,2008-11-25,
1389,2008-11-26,
1390,2008-11-27,
1391,2008-11-28,
1392,2008-11-29,
1393,2008-11-30,
1394,2008-12-01,
1395,2008-12-02,
1396,2008-12-03,
1397,2008-12-04,
1398,2008-12-05,
1399,2008-12-06,
1400,2008-12-07,
1401,2008-12-08,
1402,2008-12-09,
1403,2008-12-10,
1404,2008-12-11,
1405,2008-12-12,
1406,2008-12-13,
1407,2008-12-14,
1408,2008-12-15,
1409,2008-12-16,
1410,2008-12-17,
1411,2008-12-18,
1412,2008-12-19,
1413,2008-12-20,
1414,2008-12-21,
1415,2008-12-22,
1416,2008-12-23,
1417,2008-12-24,
1418,2008-12-25,
1419,2008-12-26,
1420,2008-12-27,
1421,2008-12-28,
1422,2008-12-29,
1423,2008-12-30,
1424,2008-12-31,
1425,2009-01-01,
1426,2009-01-02,
1427,2009-01-03,
1428,2009-01-04,
1429,2009-01-05,
1430,2009-01-06,
1431,2009-01-07,
1432,2009-01-08,
1433,2009-01-09,
1434,2009-01-10,
1435,2009-01-11,
1436,2009-01-12,
1437,2009-01-13,
1438,2009-01-14,
1439,2009-01-15,
1440,2009-01-16,
1441,2009-01-17,
1442,2009-01-18,
1443,2009-01-19,
1444,2009-01-20,
1445,2009-01-21,
1446,2009-01-22,
1447,2009-01-23,
1448,2009-01-24,
1449,2009-01-25,
1450,2009-01-26,
1451,2009-01-27,
1452,2009-01-28,
1453,2009-01-29,
1454,2009-01-30,
1455,2009-01-31,
1456,2009-02-01,
1457,2009-02-02,
1458,2009-02-03,
1459,2009-02-04,
1460,2009-02-05,
1461,2009-02-06,
1462,2009-02-07,
1463,2009-02-08,
1464,2009-02-09,
1465,2009-02-10,
1466,2009-02-11,
1467,2009-02-12,
1468,2009-02-13,
1469,2009-02-14,
1470,2009-02-15,
1471,2009-02-16,
1472,2009-02-17,
1473,2009-02-18,
1474,2009-02-19,
1475,2009-02-20,
1476,2009-02-21,
1477,2009-02-22,
1478,2009-02-23,
1479,2009-02-24,
1480,2009-02-25,
1481,2009-02-26,
1482,2009-02-27,
1483,2009-02-28,
1484,2009-03-01,
1485,2009-03-02,
1486,2009-03-03,
1487,2009-03-04,
1488,2009-03-05,
1489,2009-03-06,
1490,2009-03-07,
1491,2009-03-08,
1492,2009-03-09,
1493,2009-03-10,
1494,2009-03-11,
1495,2009-03-12,
1496,2009-03-13,
1497,2009-03-14,
1498,2009-03-15,
1499,2009-03-16,
1500,2009-03-17,
1501,2009-03-18,
1502,2009-03-19,
1503,2009-03-20,
1504,2009-03-21,
1505,2009-03-22,
1506,2009-03-23,
1507,2009-03-24,
1508,2009-03-25,
1509,2009-03-26,
1510,2009-03-27,
1511,2009-03-28,
1512,2009-03-29,
1513,2009-03-30,
1514,2009-03-31,
1515,2009-04-01,
1516,2009-04-02,
1517,2009-04-03,
1518,2009-04-04,
1519,2009-04-05,
1520,2009-04-06,
1521,2009-04-07,
1522,2009-04-08,
1523,2009-04-09,
1524,2009-04-10,
1525,2009-04-11,
1526,2009-04-12,
1527,2009-04-13,
1528,2009-04-14,
1529,2009-04-15,
1530,2009-04-16,
1531,2009-10-27,
1532,2009-10-28,
1533,2009-10-29,
1534,2009-10-30,
1535,2009-10-31,
1536,2009-11-01,
1537,2009-11-02,
1538,2009-11-03,
1539,2009-11-04,
1540,2009-11-05,
1541,2009-11-06,
1542,2009-11-07,
1543,2009-11-08,
1544,2009-11-09,
1545,2009-11-10,
1546,2009-11-11,
1547,2009-11-12,
1548,2009-11-13,
1549,2009-11-14,
1550,2009-11-15,
1551,2009-11-16,
1552,2009-11-17,
1553,2009-11-18,
1554,2009-11-19,
1555,2009-11-20,
1556,2009-11-21,
1557,2009-11-22,
1558,2009-11-23,
1559,2009-11-24,
1560,2009-11-25,
1561,2009-11-26,
1562,2009-11-27,
1563,2009-11-28,
1564,2009-11-29,
1565,2009-11-30,
1566,2009-12-01,
1567,2009-12-02,
1568,2009-12-03,
1569,2009-12-04,
1570,2009-12-05,
1571,2009-12-06,
1572,2009-12-07,
1573,2009-12-08,
1574,2009-12-09,
1575,2009-12-10,
1576,2009-12-11,
1577,2009-12-12,
1578,2009-12-13,
1579,2009-12-14,
1580,2009-12-15,
1581,2009-12-16,
1582,2009-12-17,
1583,2009-12-18,
1584,2009-12-19,
1585,2009-12-20,
1586,2009-12-21,
1587,2009-12-22,
1588,2009-12-23,
1589,2009-12-24,
1590,2009-12-25,
1591,2009-12-26,
1592,2009-12-27,
1593,2009-12-28,
1594,2009-12-29,
1595,2009-12-30,
1596,2009-12-31,
1597,2010-01-01,
1598,2010-01-02,
1599,2010-01-03,
1600,2010-01-04,
1601,2010-01-05,
1602,2010-01-06,
1603,2010-01-07,
1604,2010-01-08,
1605,2010-01-09,
1606,2010-01-10,
1607,2010-01-11,
1608,2010-01-12,
1609,2010-01-13,
1610,2010-01-14,
1611,2010-01-15,
1612,2010-01-16,
1613,2010-01-17,
1614,2010-01-18,
1615,2010-01-19,
1616,2010-01-20,
1617,2010-01-21,
1618,2010-01-22,
1619,2010-01-23,
1620,2010-01-24,
1621,2010-01-25,
1622,2010-01-26,
1623,2010-01-27,
1624,2010-01-28,
1625,2010-01-29,
1626,2010-01-30,
1627,2010-01-31,
1628,2010-02-01,
1629,2010-02-02,
1630,2010-02-03,
1631,2010-02-04,
1632,2010-02-05,
1633,2010-02-06,
1634,2010-02-07,
1635,2010-02-08,
1636,2010-02-09,
1637,2010-02-10,
1638,2010-02-11,
1639,2010-02-12,
1640,2010-02-13,
1641,2010-02-14,
1642,2010-02-15,
1643,2010-02-16,
1644,2010-02-17,
1645,2010-02-18,
1646,2010-02-19,
1647,2010-02-20,
1648,2010-02-21,
1649,2010-02-22,
1650,2010-02-23,
1651,2010-02-24,
1652,2010-02-25,
1653,2010-02-26,
1654,2010-02-27,
1655,2010-02-28,
1656,2010-03-01,
1657,2010-03-02,
1658,2010-03-03,
1659,2010-03-04,
1660,2010-03-05,
1661,2010-03-06,
1662,2010-03-07,
1663,2010-03-08,
1664,2010-03-09,
1665,2010-03-10,
1666,2010-03-11,
1667,2010-03-12,
1668,2010-03-13,
1669,2010-03-14,
1670,2010-03-15,
1671,2010-03-16,
1672,2010-03-17,
1673,2010-03-18,
1674,2010-03-19,
1675,2010-03-20,
1676,2010-03-21,
1677,2010-03-22,
1678,2010-03-23,
1679,2010-03-24,
1680,2010-03-25,
1681,2010-03-26,
1682,2010-03-27,
1683,2010-03-28,
1684,2010-03-29,
1685,2010-03-30,
1686,2010-03-31,
1687,2010-04-01,
1688,2010-04-02,
1689,2010-04-03,
1690,2010-04-04,
1691,2010-04-05,
1692,2010-04-06,
1693,2010-04-07,
1694,2010-04-08,
1695,2010-04-09,
1696,2010-04-10,
1697,2010-04-11,
1698,2010-04-12,
1699,2010-04-13,
1700,2010-04-14,
1701,2010-10-26,
1702,2010-10-27,
1703,2010-10-28,
1704,2010-10-29,
1705,2010-10-30,
1706,2010-10-31,
1707,2010-11-01,
1708,2010-11-02,
1709,2010-11-03,
1710,2010-11-04,
1711,2010-11-05,
1712,2010-11-06,
1713,2010-11-07,
1714,2010-11-08,
1715,2010-11-09,
1716,2010-11-10,
1717,2010-11-11,
1718,2010-11-12,
1719,2010-11-13,
1720,2010-11-14,
1721,2010-11-15,
1722,2010-11-16,
1723,2010-11-17,
1724,2010-11-18,
1725,2010-11-19,
1726,2010-11-20,
1727,2010-11-21,
1728,2010-11-22,
1729,2010-11-23,
1730,2010-11-24,
1731,2010-11-25,
1732,2010-11-26,
1733,2010-11-27,
1734,2010-11-28,
1735,2010-11-29,
1736,2010-11-30,
1737,2010-12-01,
1738,2010-12-02,
1739,2010-12-03,
1740,2010-12-04,
1741,2010-12-05,
1742,2010-12-06,
1743,2010-12-07,
1744,2010-12-08,
1745,2010-12-09,
1746,2010-12-10,
1747,2010-12-11,
1748,2010-12-12,
1749,2010-12-13,
1750,2010-12-14,
1751,2010-12-15,
1752,2010-12-16,
1753,2010-12-17,
1754,2010-12-18,
1755,2010-12-19,
1756,2010-12-20,
1757,2010-12-21,
1758,2010-12-22,
1759,2010-12-23,
1760,2010-12-24,
1761,2010-12-25,
1762,2010-12-26,
1763,2010-12-27,
1764,2010-12-28,
1765,2010-12-29,
1766,2010-12-30,
1767,2010-12-31,
1768,2011-01-01,
1769,2011-01-02,
1770,2011-01-03,
1771,2011-01-04,
1772,2011-01-05,
1773,2011-01-06,
1774,2011-01-07,
1775,2011-01-08,
1776,2011-01-09,
1777,2011-01-10,
1778,2011-01-11,
1779,2011-01-12,
1780,2011-01-13,
1781,2011-01-14,
1782,2011-01-15,
1783,2011-01-16,
1784,2011-01-17,
1785,2011-01-18,
1786,2011-01-19,
1787,2011-01-20,
1788,2011-01-21,
1789,2011-01-22,
1790,2011-01-23,
1791,2011-01-24,
1792,2011-01-25,
1793,2011-01-26,
1794,2011-01-27,
1795,2011-01-28,
1796,2011-01-29,
1797,2011-01-30,
1798,2011-01-31,
1799,2011-02-01,
1800,2011-02-02,
1801,2011-02-03,
1802,2011-02-04,
1803,2011-02-05,
1804,2011-02-06,
1805,2011-02-07,
1806,2011-02-08,
1807,2011-02-09,
1808,2011-02-10,
1809,2011-02-11,
1810,2011-02-12,
1811,2011-02-13,
1812,2011-02-14,
1813,2011-02-15,
1814,2011-02-16,
1815,2011-02-17,
1816,2011-02-18,
1817,2011-02-19,
1818,2011-02-20,
1819,2011-02-21,
1820,2011-02-22,
1821,2011-02-23,
1822,2011-02-24,
1823,2011-02-25,
1824,2011-02-26,
1825,2011-02-27,
1826,2011-02-28,
1827,2011-03-01,
1828,2011-03-02,
1829,2011-03-03,
1830,2011-03-04,
1831,2011-03-05,
1832,2011-03-06,
1833,2011-03-07,
1834,2011-03-08,
1835,2011-03-09,
1836,2011-03-10,
1837,2011-03-11,
1838,2011-03-12,
1839,2011-03-13,
1840,2011-03-14,
1841,2011-03-15,
1842,2011-03-16,
1843,2011-03-17,
1844,2011-03-18,
1845,2011-03-19,
1846,2011-03-20,
1847,2011-03-21,
1848,2011-03-22,
1849,2011-03-23,
1850,2011-03-24,
1851,2011-03-25,
1852,2011-03-26,
1853,2011-03-27,
1854,2011-03-28,
1855,2011-03-29,
1856,2011-03-30,
1857,2011-03-31,
1858,2011-04-01,
1859,2011-04-02,
1860,2011-04-03,
1861,2011-04-04,
1862,2011-04-05,
1863,2011-04-06,
1864,2011-04-07,
1865,2011-04-08,
1866,2011-04-09,
1867,2011-04-10,
1868,2011-04-11,
1869,2011-04-12,
1870,2011-04-13,
1871,2011-12-25,
1872,2011-12-26,
1873,2011-12-27,
1874,2011-12-28,
1875,2011-12-29,
1876,2011-12-30,
1877,2011-12-31,
1878,2012-01-01,
1879,2012-01-02,
1880,2012-01-03,
1881,2012-01-04,
1882,2012-01-05,
1883,2012-01-06,
1884,2012-01-07,
1885,2012-01-08,
1886,2012-01-09,
1887,2012-01-10,
1888,2012-01-11,
1889,2012-01-12,
1890,2012-01-13,
1891,2012-01-14,
1892,2012-01-15,
1893,2012-01-16,
1894,2012-01-17,
1895,2012-01-18,
1896,2012-01-19,
1897,2012-01-20,
1898,2012-01-21,
1899,2012-01-22,
1900,2012-01-23,
1901,2012-01-24,
1902,2012-01-25,
1903,2012-01-26,
1904,2012-01-27,
1905,2012-01-28,
1906,2012-01-29,
1907,2012-01-30,
1908,2012-01-31,
1909,2012-02-01,
1910,2012-02-02,
1911,2012-02-03,
1912,2012-02-04,
1913,2012-02-05,
1914,2012-02-06,
1915,2012-02-07,
1916,2012-02-08,
1917,2012-02-09,
1918,2012-02-10,
1919,2012-02-11,
1920,2012-02-12,
1921,2012-02-13,
1922,2012-02-14,
1923,2012-02-15,
1924,2012-02-16,
1925,2012-02-17,
1926,2012-02-18,
1927,2012-02-19,
1928,2012-02-20,
1929,2012-02-21,
1930,2012-02-22,
1931,2012-02-23,
1932,2012-02-24,
1933,2012-02-25,
1934,2012-02-26,
1935,2012-02-27,
1936,2012-02-28,
1937,2012-02-29,
1938,2012-03-01,
1939,2012-03-02,
1940,2012-03-03,
1941,2012-03-04,
1942,2012-03-05,
1943,2012-03-06,
1944,2012-03-07,
1945,2012-03-08,
1946,2012-03-09,
1947,2012-03-10,
1948,2012-03-11,
1949,2012-03-12,
1950,2012-03-13,
1951,2012-03-14,
1952,2012-03-15,
1953,2012-03-16,
1954,2012-03-17,
1955,2012-03-18,
1956,2012-03-19,
1957,2012-03-20,
1958,2012-03-21,
1959,2012-03-22,
1960,2012-03-23,
1961,2012-03-24,
1962,2012-03-25,
1963,2012-03-26,
1964,2012-03-27,
1965,2012-03-28,
1966,2012-03-29,
1967,2012-03-30,
1968,2012-03-31,
1969,2012-04-01,
1970,2012-04-02,
1971,2012-04-03,
1972,2012-04-04,
1973,2012-04-05,
1974,2012-04-06,
1975,2012-04-07,
1976,2012-04-08,
1977,2012-04-09,
1978,2012-04-10,
1979,2012-04-11,
1980,2012-04-12,
1981,2012-04-13,
1982,2012-04-14,
1983,2012-04-15,
1984,2012-04-16,
1985,2012-04-17,
1986,2012-04-18,
1987,2012-04-19,
1988,2012-04-20,
1989,2012-04-21,
1990,2012-04-22,
1991,2012-04-23,
1992,2012-04-24,
1993,2012-04-25,
1994,2012-04-26,
1995,2012-10-30,
1996,2012-10-31,
1997,2012-11-01,
1998,2012-11-02,
1999,2012-11-03,
2000,2012-11-04,
2001,2012-11-05,
2002,2012-11-06,
2003,2012-11-07,
2004,2012-11-08,
2005,2012-11-09,
2006,2012-11-10,
2007,2012-11-11,
2008,2012-11-12,
2009,2012-11-13,
2010,2012-11-14,
2011,2012-11-15,
2012,2012-11-16,
2013,2012-11-17,
2014,2012-11-18,
2015,2012-11-19,
2016,2012-11-20,
2017,2012-11-21,
2018,2012-11-22,
2019,2012-11-23,
2020,2012-11-24,
2021,2012-11-25,
2022,2012-11-26,
2023,2012-11-27,
2024,2012-11-28,
2025,2012-11-29,
2026,2012-11-30,
2027,2012-12-01,
2028,2012-12-02,
2029,2012-12-03,
2030,2012-12-04,
2031,2012-12-05,
2032,2012-12-06,
2033,2012-12-07,
2034,2012-12-08,
2035,2012-12-09,
2036,2012-12-10,
2037,2012-12-11,
2038,2012-12-12,
2039,2012-12-13,
2040,2012-12-14,
2041,2012-12-15,
2042,2012-12-16,
2043,2012-12-17,
2044,2012-12-18,
2045,2012-12-19,
2046,2012-12-20,
2047,2012-12-21,
2048,2012-12-22,
2049,2012-12-23,
2050,2012-12-24,
2051,2012-12-25,
2052,2012-12-26,
2053,2012-12-27,
2054,2012-12-28,
2055,2012-12-29,
2056,2012-12-30,
2057,2012-12-31,
2058,2013-01-01,
2059,2013-01-02,
2060,2013-01-03,
2061,2013-01-04,
2062,2013-01-05,
2063,2013-01-06,
2064,2013-01-07,
2065,2013-01-08,
2066,2013-01-09,
2067,2013-01-10,
2068,2013-01-11,
2069,2013-01-12,
2070,2013-01-13,
2071,2013-01-14,
2072,2013-01-15,
2073,2013-01-16,
2074,2013-01-17,
2075,2013-01-18,
2076,2013-01-19,
2077,2013-01-20,
2078,2013-01-21,
2079,2013-01-22,
2080,2013-01-23,
2081,2013-01-24,
2082,2013-01-25,
2083,2013-01-26,
2084,2013-01-27,
2085,2013-01-28,
2086,2013-01-29,
2087,2013-01-30,
2088,2013-01-31,
2089,2013-02-01,
2090,2013-02-02,
2091,2013-02-03,
2092,2013-02-04,
2093,2013-02-05,
2094,2013-02-06,
2095,2013-02-07,
2096,2013-02-08,
2097,2013-02-09,
2098,2013-02-10,
2099,2013-02-11,
2100,2013-02-12,
2101,2013-02-13,
2102,2013-02-14,
2103,2013-02-15,
2104,2013-02-16,
2105,2013-02-17,
2106,2013-02-18,
2107,2013-02-19,
2108,2013-02-20,
2109,2013-02-21,
2110,2013-02-22,
2111,2013-02-23,
2112,2013-02-24,
2113,2013-02-25,
2114,2013-02-26,
2115,2013-02-27,
2116,2013-02-28,
2117,2013-03-01,
2118,2013-03-02,
2119,2013-03-03,
2120,2013-03-04,
2121,2013-03-05,
2122,2013-03-06,
2123,2013-03-07,
2124,2013-03-08,
2125,2013-03-09,
2126,2013-03-10,
2127,2013-03-11,
2128,2013-03-12,
2129,2013-03-13,
2130,2013-03-14,
2131,2013-03-15,
2132,2013-03-16,
2133,2013-03-17,
2134,2013-03-18,
2135,2013-03-19,
2136,2013-03-20,
2137,2013-03-21,
2138,2013-03-22,
2139,2013-03-23,
2140,2013-03-24,
2141,2013-03-25,
2142,2013-03-26,
2143,2013-03-27,
2144,2013-03-28,
2145,2013-03-29,
2146,2013-03-30,
2147,2013-03-31,
2148,2013-04-01,
2149,2013-04-02,
2150,2013-04-03,
2151,2013-04-04,
2152,2013-04-05,
2153,2013-04-06,
2154,2013-04-07,
2155,2013-04-08,
2156,2013-04-09,
2157,2013-04-10,
2158,2013-04-11,
2159,2013-04-12,
2160,2013-04-13,
2161,2013-04-14,
2162,2013-04-15,
2163,2013-04-16,
2164,2013-04-17,
2165,2013-04-18,
2166,2013-04-19,
2167,2013-04-20,
2168,2013-04-21,
2169,2013-04-22,
2170,2013-04-23,
2171,2013-04-24,
2172,2013-04-25,
2173,2013-04-26,
2174,2013-04-27,
2175,2013-04-28,
2176,2013-04-29,
2177,2013-04-30,
2178,2013-05-01,
2179,2013-05-02,
2180,2013-05-03,
2181,2013-05-04,
2182,2013-05-05,
2183,2013-05-06,
2184,2013-05-07,
2185,2013-05-08,
2186,2013-05-09,
2187,2013-05-10,
2188,2013-05-11,
2189,2013-05-12,
2190,2013-05-13,
2191,2013-05-14,
2192,2013-05-15,
2193,2013-05-16,
2194,2013-05-17,
2195,2013-05-18,
2196,2013-05-19,
2197,2013-05-20,
2198,2013-05-21,
2199,2013-05-22,
2200,2013-05-23,
2201,2013-05-24,
2202,2013-05-25,
2203,2013-05-26,
2204,2013-05-27,
2205,2013-05-28,
2206,2013-05-29,
2207,2013-05-30,
2208,2013-05-31,
2209,2013-06-01,
2210,2013-06-02,
2211,2013-06-03,
2212,2013-06-04,
2213,2013-06-05,
2214,2013-06-06,
2215,2013-06-07,
2216,2013-06-08,
2217,2013-06-09,
2218,2013-06-10,
2219,2013-06-11,
2220,2013-06-12,
2221,2013-06-13,
2222,2013-06-14,
2223,2013-06-15,
2224,2013-06-16,
2225,2013-06-17,
2226,2013-06-18,
2227,2013-06-19,
2228,2013-06-20,
2229,2013-06-21,
2230,2013-06-22,
2231,2013-06-23,
2232,2013-06-24,
2233,2013-06-25,
2234,2013-06-26,
2235,2013-06-27,
2236,2013-06-28,
2237,2013-06-29,
2238,2013-06-30,
2239,2013-07-01,
2240,2013-07-02,
2241,2013-07-03,
2242,2013-07-04,
2243,2013-07-05,
2244,2013-07-06,
2245,2013-07-07,
2246,2013-07-08,
2247,2013-07-09,
2248,2013-07-10,
2249,2013-07-11,
2250,2013-07-12,
2251,2013-07-13,
2252,2013-07-14,
2253,2013-07-15,
2254,2013-07-16,
2255,2013-07-17,
2256,2013-07-18,
2257,2013-07-19,
2258,2013-07-20,
2259,2013-07-21,
2260,2013-07-22,
2261,2013-07-23,
2262,2013-07-24,
2263,2013-07-25,
2264,2013-07-26,
2265,2013-07-27,
2266,2013-07-28,
2267,2013-07-29,
2268,2013-07-30,
2269,2013-07-31,
2270,2013-08-01,
2271,2013-08-02,
2272,2013-08-03,
2273,2013-08-04,
2274,2013-08-05,
2275,2013-08-06,
2276,2013-08-07,
2277,2013-08-08,
2278,2013-08-09,
2279,2013-08-10,
2280,2013-08-11,
2281,2013-08-12,
2282,2013-08-13,
2283,2013-08-14,
2284,2013-08-15,
2285,2013-08-16,
2286,2013-08-17,
2287,2013-08-18,
2288,2013-08-19,
2289,2013-08-20,
2290,2013-08-21,
2291,2013-08-22,
2292,2013-08-23,
2293,2013-08-24,
2294,2013-08-25,
2295,2013-08-26,
2296,2013-08-27,
2297,2013-08-28,
2298,2013-08-29,
2299,2013-08-30,
2300,2013-08-31,
2301,2013-09-01,
2302,2013-09-02,
2303,2013-09-03,
2304,2013-09-04,
2305,2013-09-05,
2306,2013-09-06,
2307,2013-09-07,
2308,2013-09-08,
2309,2013-09-09,
2310,2013-09-10,
2311,2013-09-11,
2312,2013-09-12,
2313,2013-09-13,
2314,2013-09-14,
2315,2013-09-15,
2316,2013-09-16,
2317,2013-09-17,
2318,2013-09-18,
2319,2013-09-19,
2320,2013-09-20,
2321,2013-09-21,
2322,2013-09-22,
2323,2013-09-23,
2324,2013-09-24,
2325,2013-09-25,
2326,2013-09-26,
2327,2013-09-27,
2328,2013-09-28,
2329,2013-09-29,
2330,2013-09-30,
2331,2013-10-01,
2332,2013-10-02,
2333,2013-10-03,
2334,2013-10-04,
2335,2013-10-05,
2336,2013-10-06,
2337,2013-10-07,
2338,2013-10-08,
2339,2013-10-09,
2340,2013-10-10,
2341,2013-10-11,
2342,2013-10-12,
2343,2013-10-13,
2344,2013-10-14,
2345,2013-10-15,
2346,2013-10-16,
2347,2013-10-17,
2348,2013-10-18,
2349,2013-10-19,
2350,2013-10-20,
2351,2013-10-21,
2352,2013-10-22,
2353,2013-10-23,
2354,2013-10-24,
2355,2013-10-25,
2356,2013-10-26,
2357,2013-10-27,
2358,2013-10-28,
2359,2013-10-29,
2360,2013-10-30,
2361,2013-10-31,
2362,2013-11-01,
2363,2013-11-02,
2364,2013-11-03,
2365,2013-11-04,
2366,2013-11-05,
2367,2013-11-06,
2368,2013-11-07,
2369,2013-11-08,
2370,2013-11-09,
2371,2013-11-10,
2372,2013-11-11,
2373,2013-11-12,
2374,2013-11-13,
2375,2013-11-14,
2376,2013-11-15,
2377,2013-11-16,
2378,2013-11-17,
2379,2013-11-18,
2380,2013-11-19,
2381,2013-11-20,
2382,2013-11-21,
2383,2013-11-22,
2384,2013-11-23,
2385,2013-11-24,
2386,2013-11-25,
2387,2013-11-26,
2388,2013-11-27,
2389,2013-11-28,
2390,2013-11-29,
2391,2013-11-30,
2392,2013-12-01,
2393,2013-12-02,
2394,2013-12-03,
2395,2013-12-04,
2396,2013-12-05,
2397,2013-12-06,
2398,2013-12-07,
2399,2013-12-08,
2400,2013-12-09,
2401,2013-12-10,
2402,2013-12-11,
2403,2013-12-12,
2404,2013-12-13,
2405,2013-12-14,
2406,2013-12-15,
2407,2013-12-16,
2408,2013-12-17,
2409,2013-12-18,
2410,2013-12-19,
2411,2013-12-20,
2412,2013-12-21,
2413,2013-12-22,
2414,2013-12-23,
2415,2013-12-24,
2416,2013-12-25,
2417,2013-12-26,
2418,2013-12-27,
2419,2013-12-28,
2420,2013-12-29,
2421,2013-12-30,
2422,2013-12-31,
2423,2014-01-01,
2424,2014-01-02,
2425,2014-01-03,
2426,2014-01-04,
2427,2014-01-05,
2428,2014-01-06,
2429,2014-01-07,
2430,2014-01-08,
2431,2014-01-09,
2432,2014-01-10,
2433,2014-01-11,
2434,2014-01-12,
2435,2014-01-13,
2436,2014-01-14,
2437,2014-01-15,
2438,2014-01-16,
2439,2014-01-17,
2440,2014-01-18,
2441,2014-01-19,
2442,2014-01-20,
2443,2014-01-21,
2444,2014-01-22,
2445,2014-01-23,
2446,2014-01-24,
2447,2014-01-25,
2448,2014-01-26,
2449,2014-01-27,
2450,2014-01-28,
2451,2014-01-29,
2452,2014-01-30,
2453,2014-01-31,
2454,2014-02-01,
2455,2014-02-02,
2456,2014-02-03,
2457,2014-02-04,
2458,2014-02-05,
2459,2014-02-06,
2460,2014-02-07,
2461,2014-02-08,
2462,2014-02-09,
2463,2014-02-10,
2464,2014-02-11,
2465,2014-02-12,
2466,2014-02-13,
2467,2014-02-14,
2468,2014-02-15,
2469,2014-02-16,
2470,2014-02-17,
2471,2014-02-18,
2472,2014-02-19,
2473,2014-02-20,
2474,2014-02-21,
2475,2014-02-22,
2476,2014-02-23,
2477,2014-02-24,
2478,2014-02-25,
2479,2014-02-26,
2480,2014-02-27,
2481,2014-02-28,
2482,2014-03-01,
2483,2014-03-02,
2484,2014-03-03,
2485,2014-03-04,
2486,2014-03-05,
2487,2014-03-06,
2488,2014-03-07,
2489,2014-03-08,
2490,2014-03-09,
2491,2014-03-10,
2492,2014-03-11,
2493,2014-03-12,
2494,2014-03-13,
2495,2014-03-14,
2496,2014-03-15,
2497,2014-03-16,
2498,2014-03-17,
2499,2014-03-18,
2500,2014-03-19,
2501,2014-03-20,
2502,2014-03-21,
2503,2014-03-22,
2504,2014-03-23,
2505,2014-03-24,
2506,2014-03-25,
2507,2014-03-26,
2508,2014-03-27,
2509,2014-03-28,
2510,2014-03-29,
2511,2014-03-30,
2512,2014-03-31,
2513,2014-04-01,
2514,2014-04-02,
2515,2014-04-03,
2516,2014-04-04,
2517,2014-04-05,
2518,2014-04-06,
2519,2014-04-07,
2520,2014-04-08,
2521,2014-04-09,
2522,2014-04-10,
2523,2014-04-11,
2524,2014-04-12,
2525,2014-04-13,
2526,2014-04-14,
2527,2014-04-15,
2528,2014-04-16,
2529,2014-04-17,
2530,2014-04-18,
2531,2014-04-19,
2532,2014-04-20,
2533,2014-04-21,
2534,2014-04-22,
2535,2014-04-23,
2536,2014-04-24,
2537,2014-04-25,
2538,2014-04-26,
2539,2014-04-27,
2540,2014-04-28,
2541,2014-04-29,
2542,2014-04-30,
2543,2014-05-01,
2544,2014-05-02,
2545,2014-05-03,
2546,2014-05-04,
2547,2014-05-05,
2548,2014-05-06,
2549,2014-05-07,
2550,2014-05-08,
2551,2014-05-09,
2552,2014-05-10,
2553,2014-05-11,
2554,2014-05-12,
2555,2014-05-13,
2556,2014-05-14,
2557,2014-05-15,
2558,2014-05-16,
2559,2014-05-17,
2560,2014-05-18,
2561,2014-05-19,
2562,2014-05-20,
2563,2014-05-21,
2564,2014-05-22,
2565,2014-05-23,
2566,2014-05-24,
2567,2014-05-25,
2568,2014-05-26,
2569,2014-05-27,
2570,2014-05-28,
2571,2014-05-29,
2572,2014-05-30,
2573,2014-05-31,
2574,2014-06-01,
2575,2014-06-02,
2576,2014-06-03,
2577,2014-06-04,
2578,2014-06-05,
2579,2014-06-06,
2580,2014-06-07,
2581,2014-06-08,
2582,2014-06-09,
2583,2014-06-10,
2584,2014-06-11,
2585,2014-06-12,
2586,2014-06-13,
2587,2014-06-14,
2588,2014-06-15,
2589,2014-06-16,
2590,2014-06-17,
2591,2014-06-18,
2592,2014-06-19,
2593,2014-06-20,
2594,2014-06-21,
2595,2014-06-22,
2596,2014-06-23,
2597,2014-06-24,
2598,2014-06-25,
2599,2014-06-26,
2600,2014-06-27,
2601,2014-06-28,
2602,2014-06-29,
2603,2014-06-30,
2604,2014-07-01,
2605,2014-07-02,
2606,2014-07-03,
2607,2014-07-04,
2608,2014-07-05,
2609,2014-07-06,
2610,2014-07-07,
2611,2014-07-08,
2612,2014-07-09,
2613,2014-07-10,
2614,2014-07-11,
2615,2014-07-12,
2616,2014-07-13,
2617,2014-07-14,
2618,2014-07-15,
2619,2014-07-16,
2620,2014-07-17,
2621,2014-07-18,
2622,2014-07-19,
2623,2014-07-20,
2624,2014-07-21,
2625,2014-07-22,
2626,2014-07-23,
2627,2014-07-24,
2628,2014-07-25,
2629,2014-07-26,
2630,2014-07-27,
2631,2014-07-28,
2632,2014-07-29,
2633,2014-07-30,
2634,2014-07-31,
2635,2014-08-01,
2636,2014-08-02,
2637,2014-08-03,
2638,2014-08-04,
2639,2014-08-05,
2640,2014-08-06,
2641,2014-08-07,
2642,2014-08-08,
2643,2014-08-09,
2644,2014-08-10,
2645,2014-08-11,
2646,2014-08-12,
2647,2014-08-13,
2648,2014-08-14,
2649,2014-08-15,
2650,2014-08-16,
2651,2014-08-17,
2652,2014-08-18,
2653,2014-08-19,
2654,2014-08-20,
2655,2014-08-21,
2656,2014-08-22,
2657,2014-08-23,
2658,2014-08-24,
2659,2014-08-25,
2660,2014-08-26,
2661,2014-08-27,
2662,2014-08-28,
2663,2014-08-29,
2664,2014-08-30,
2665,2014-08-31,
2666,2014-09-01,
2667,2014-09-02,
2668,2014-09-03,
2669,2014-09-04,
2670,2014-09-05,
2671,2014-09-06,
2672,2014-09-07,
2673,2014-09-08,
2674,2014-09-09,
2675,2014-09-10,
2676,2014-09-11,
2677,2014-09-12,
2678,2014-09-13,
2679,2014-09-14,
2680,2014-09-15,
2681,2014-09-16,
2682,2014-09-17,
2683,2014-09-18,
2684,2014-09-19,
2685,2014-09-20,
2686,2014-09-21,
2687,2014-09-22,
2688,2014-09-23,
2689,2014-09-24,
2690,2014-09-25,
2691,2014-09-26,
2692,2014-09-27,
2693,2014-09-28,
2694,2014-09-29,
2695,2014-09-30,
2696,2014-10-01,
2697,2014-10-02,
2698,2014-10-03,
2699,2014-10-04,
2700,2014-10-05,
2701,2014-10-06,
2702,2014-10-07,
2703,2014-10-08,
2704,2014-10-09,
2705,2014-10-10,
2706,2014-10-11,
2707,2014-10-12,
2708,2014-10-13,
2709,2014-10-14,
2710,2014-10-15,
2711,2014-10-16,
2712,2014-10-17,
2713,2014-10-18,
2714,2014-10-19,
2715,2014-10-20,
2716,2014-10-21,
2717,2014-10-22,
2718,2014-10-23,
2719,2014-10-24,
2720,2014-10-25,
2721,2014-10-26,
2722,2014-10-27,
2723,2014-10-28,
2724,2014-10-29,
2725,2014-10-30,
2726,2014-10-31,
2727,2014-11-01,
2728,2014-11-02,
2729,2014-11-03,
2730,2014-11-04,
2731,2014-11-05,
2732,2014-11-06,
2733,2014-11-07,
2734,2014-11-08,
2735,2014-11-09,
2736,2014-11-10,
2737,2014-11-11,
2738,2014-11-12,
2739,2014-11-13,
2740,2014-11-14,
2741,2014-11-15,
2742,2014-11-16,
2743,2014-11-17,
2744,2014-11-18,
2745,2014-11-19,
2746,2014-11-20,
2747,2014-11-21,
2748,2014-11-22,
2749,2014-11-23,
2750,2014-11-24,
2751,2014-11-25,
2752,2014-11-26,
2753,2014-11-27,
2754,2014-11-28,
2755,2014-11-29,
2756,2014-11-30,
2757,2014-12-01,
2758,2014-12-02,
2759,2014-12-03,
2760,2014-12-04,
2761,2014-12-05,
2762,2014-12-06,
2763,2014-12-07,
2764,2014-12-08,
2765,2014-12-09,
2766,2014-12-10,
2767,2014-12-11,
2768,2014-12-12,
2769,2014-12-13,
2770,2014-12-14,
2771,2014-12-15,
2772,2014-12-16,
2773,2014-12-17,
2774,2014-12-18,
2775,2014-12-19,
2776,2014-12-20,
2777,2014-12-21,
2778,2014-12-22,
2779,2014-12-23,
2780,2014-12-24,
2781,2014-12-25,
2782,2014-12-26,
2783,2014-12-27,
2784,2014-12-28,
2785,2014-12-29,
2786,2014-12-30,
2787,2014-12-31,
2788,2015-01-01,
2789,2015-01-02,
2790,2015-01-03,
2791,2015-01-04,
2792,2015-01-05,
2793,2015-01-06,
2794,2015-01-07,
2795,2015-01-08,
2796,2015-01-09,
2797,2015-01-10,
2798,2015-01-11,
2799,2015-01-12,
2800,2015-01-13,
2801,2015-01-14,
2802,2015-01-15,
2803,2015-01-16,
2804,2015-01-17,
2805,2015-01-18,
2806,2015-01-19,
2807,2015-01-20,
2808,2015-01-21,
2809,2015-01-22,
2810,2015-01-23,
2811,2015-01-24,
2812,2015-01-25,
2813,2015-01-26,
2814,2015-01-27,
2815,2015-01-28,
2816,2015-01-29,
2817,2015-01-30,
2818,2015-01-31,
2819,2015-02-01,
2820,2015-02-02,
2821,2015-02-03,
2822,2015-02-04,
2823,2015-02-05,
2824,2015-02-06,
2825,2015-02-07,
2826,2015-02-08,
2827,2015-02-09,
2828,2015-02-10,
2829,2015-02-11,
2830,2015-02-12,
2831,2015-02-13,
2832,2015-02-14,
2833,2015-02-15,
2834,2015-02-16,
2835,2015-02-17,
2836,2015-02-18,
2837,2015-02-19,
2838,2015-02-20,
2839,2015-02-21,
2840,2015-02-22,
2841,2015-02-23,
2842,2015-02-24,
2843,2015-02-25,
2844,2015-02-26,
2845,2015-02-27,
2846,2015-02-28,
2847,2015-03-01,
2848,2015-03-02,
2849,2015-03-03,
2850,2015-03-04,
2851,2015-03-05,
2852,2015-03-06,
2853,2015-03-07,
2854,2015-03-08,
2855,2015-03-09,
2856,2015-03-10,
2857,2015-03-11,
2858,2015-03-12,
2859,2015-03-13,
2860,2015-03-14,
2861,2015-03-15,
2862,2015-03-16,
2863,2015-03-17,
2864,2015-03-18,
2865,2015-03-19,
2866,2015-03-20,
2867,2015-03-21,
2868,2015-03-22,
2869,2015-03-23,
2870,2015-03-24,
2871,2015-03-25,
2872,2015-03-26,
2873,2015-03-27,
2874,2015-03-28,
2875,2015-03-29,
2876,2015-03-30,
2877,2015-03-31,
2878,2015-04-01,
2879,2015-04-02,
2880,2015-04-03,
2881,2015-04-04,
2882,2015-04-05,
2883,2015-04-06,
2884,2015-04-07,
2885,2015-04-08,
2886,2015-04-09,
2887,2015-04-10,
2888,2015-04-11,
2889,2015-04-12,
2890,2015-04-13,
2891,2015-04-14,
2892,2015-04-15,
2893,2015-04-16,
2894,2015-04-17,
2895,2015-04-18,
2896,2015-04-19,
2897,2015-04-20,
2898,2015-04-21,
2899,2015-04-22,
2900,2015-04-23,
2901,2015-04-24,
2902,2015-04-25,
2903,2015-04-26,
2904,2015-04-27,
2905,2015-04-28,
2906,2015-04-29,
2907,2015-04-30,
2908,2015-05-01,
2909,2015-05-02,
2910,2015-05-03,
2911,2015-05-04,
2912,2015-05-05,
2913,2015-05-06,
2914,2015-05-07,
2915,2015-05-08,
2916,2015-05-09,
2917,2015-05-10,
2918,2015-05-11,
2919,2015-05-12,
2920,2015-05-13,
2921,2015-05-14,
2922,2015-05-15,
2923,2015-05-16,
2924,2015-05-17,
2925,2015-05-18,
2926,2015-05-19,
2927,2015-05-20,
2928,2015-05-21,
2929,2015-05-22,
2930,2015-05-23,
2931,2015-05-24,
2932,2015-05-25,
2933,2015-05-26,
2934,2015-05-27,
2935,2015-05-28,
2936,2015-05-29,
2937,2015-05-30,
2938,2015-05-31,
2939,2015-06-01,
2940,2015-06-02,
2941,2015-06-03,
2942,2015-06-04,
2943,2015-06-05,
2944,2015-06-06,
2945,2015-06-07,
2946,2015-06-08,
2947,2015-06-09,
2948,2015-06-10,
2949,2015-06-11,
2950,2015-06-12,
2951,2015-06-13,
2952,2015-06-14,
2953,2015-06-15,
2954,2015-06-16,
2955,2015-06-17,
2956,2015-06-18,
2957,2015-06-19,
2958,2015-06-20,
2959,2015-06-21,
2960,2015-06-22,
2961,2015-06-23,
2962,2015-06-24,
2963,2015-06-25,
2964,2015-06-26,
2965,2015-06-27,
2966,2015-06-28,
2967,2015-06-29,
2968,2015-06-30,
2969,2015-07-01,
2970,2015-07-02,
2971,2015-07-03,
2972,2015-07-04,
2973,2015-07-05,
2974,2015-07-06,
2975,2015-07-07,
2976,2015-07-08,
2977,2015-07-09,
2978,2015-07-10,
2979,2015-07-11,
2980,2015-07-12,
2981,2015-07-13,
2982,2015-07-14,
2983,2015-07-15,
2984,2015-07-16,
2985,2015-07-17,
2986,2015-07-18,
2987,2015-07-19,
2988,2015-07-20,
2989,2015-07-21,
2990,2015-07-22,
2991,2015-07-23,
2992,2015-07-24,
2993,2015-07-25,
2994,2015-07-26,
2995,2015-07-27,
2996,2015-07-28,
2997,2015-07-29,
2998,2015-07-30,
2999,2015-07-31,
3000,2015-08-01,
3001,2015-08-02,
3002,2015-08-03,
3003,2015-08-04,
3004,2015-08-05,
3005,2015-08-06,
3006,2015-08-07,
3007,2015-08-08,
3008,2015-08-09,
3009,2015-08-10,
3010,2015-08-11,
3011,2015-08-12,
3012,2015-08-13,
3013,2015-08-14,
3014,2015-08-15,
3015,2015-08-16,
3016,2015-08-17,
3017,2015-08-18,
3018,2015-08-19,
3019,2015-08-20,
3020,2015-08-21,
3021,2015-08-22,
3022,2015-08-23,
3023,2015-08-24,
3024,2015-08-25,
3025,2015-08-26,
3026,2015-08-27,
3027,2015-08-28,
3028,2015-08-29,
3029,2015-08-30,
3030,2015-08-31,
3031,2015-09-01,
3032,2015-09-02,
3033,2015-09-03,
3034,2015-09-04,
3035,2015-09-05,
3036,2015-09-06,
3037,2015-09-07,
3038,2015-09-08,
3039,2015-09-09,
3040,2015-09-10,
3041,2015-09-11,
3042,2015-09-12,
3043,2015-09-13,
3044,2015-09-14,
3045,2015-09-15,
3046,2015-09-16,
3047,2015-09-17,
3048,2015-09-18,
3049,2015-09-19,
3050,2015-09-20,
3051,2015-09-21,
3052,2015-09-22,
3053,2015-09-23,
3054,2015-09-24,
3055,2015-09-25,
3056,2015-09-26,
3057,2015-09-27,
3058,2015-09-28,
3059,2015-09-29,
3060,2015-09-30,
3061,2015-10-01,
3062,2015-10-02,
3063,2015-10-03,
3064,2015-10-04,
3065,2015-10-05,
3066,2015-10-06,
3067,2015-10-07,
3068,2015-10-08,
3069,2015-10-09,
3070,2015-10-10,
3071,2015-10-11,
3072,2015-10-12,
3073,2015-10-13,
3074,2015-10-14,
3075,2015-10-15,
3076,2015-10-16,
3077,2015-10-17,
3078,2015-10-18,
3079,2015-10-19,
3080,2015-10-20,
3081,2015-10-21,
3082,2015-10-22,
3083,2015-10-23,
3084,2015-10-24,
3085,2015-10-25,
3086,2015-10-26,
3087,2015-10-27,
3088,2015-10-28,
3089,2015-10-29,
3090,2015-10-30,
3091,2015-10-31,
3092,2015-11-01,
3093,2015-11-02,
3094,2015-11-03,
3095,2015-11-04,
3096,2015-11-05,
3097,2015-11-06,
3098,2015-11-07,
3099,2015-11-08,
3100,2015-11-09,
3101,2015-11-10,
3102,2015-11-11,
3103,2015-11-12,
3104,2015-11-13,
3105,2015-11-14,
3106,2015-11-15,
3107,2015-11-16,
3108,2015-11-17,
3109,2015-11-18,
3110,2015-11-19,
3111,2015-11-20,
3112,2015-11-21,
3113,2015-11-22,
3114,2015-11-23,
3115,2015-11-24,
3116,2015-11-25,
3117,2015-11-26,
3118,2015-11-27,
3119,2015-11-28,
3120,2015-11-29,
3121,2015-11-30,
3122,2015-12-01,
3123,2015-12-02,
3124,2015-12-03,
3125,2015-12-04,
3126,2015-12-05,
3127,2015-12-06,
3128,2015-12-07,
3129,2015-12-08,
3130,2015-12-09,
3131,2015-12-10,
3132,2015-12-11,
3133,2015-12-12,
3134,2015-12-13,
3135,2015-12-14,
3136,2015-12-15,
3137,2015-12-16,
3138,2015-12-17,
3139,2015-12-18,
3140,2015-12-19,
3141,2015-12-20,
3142,2015-12-21,
3143,2015-12-22,
3144,2015-12-23,
3145,2015-12-24,
3146,2015-12-25,
3147,2015-12-26,
3148,2015-12-27,
3149,2015-12-28,
3150,2015-12-29,
3151,2015-12-30,
3152,2015-12-31,
3153,2016-01-01,
3154,2016-01-02,
3155,2016-01-03,
3156,2016-01-04,
3157,2016-01-05,
3158,2016-01-06,
3159,2016-01-07,
3160,2016-01-08,
3161,2016-01-09,
3162,2016-01-10,
3163,2016-01-11,
3164,2016-01-12,
3165,2016-01-13,
3166,2016-01-14,
3167,2016-01-15,
3168,2016-01-16,
3169,2016-01-17,
3170,2016-01-18,
3171,2016-01-19,
3172,2016-01-20,
3173,2016-01-21,
3174,2016-01-22,
3175,2016-01-23,
3176,2016-01-24,
3177,2016-01-25,
3178,2016-01-26,
3179,2016-01-27,
3180,2016-01-28,
3181,2016-01-29,
3182,2016-01-30,
3183,2016-01-31,
3184,2016-02-01,
3185,2016-02-02,
3186,2016-02-03,
3187,2016-02-04,
3188,2016-02-05,
3189,2016-02-06,
3190,2016-02-07,
3191,2016-02-08,
3192,2016-02-09,
3193,2016-02-10,
3194,2016-02-11,
3195,2016-02-12,
3196,2016-02-13,
3197,2016-02-14,
3198,2016-02-15,
3199,2016-02-16,
3200,2016-02-17,
3201,2016-02-18,
3202,2016-02-19,
3203,2016-02-20,
3204,2016-02-21,
3205,2016-02-22,
3206,2016-02-23,
3207,2016-02-24,
3208,2016-02-25,
3209,2016-02-26,
3210,2016-02-27,
3211,2016-02-28,
3212,2016-02-29,
3213,2016-03-01,
3214,2016-03-02,
3215,2016-03-03,
3216,2016-03-04,
3217,2016-03-05,
3218,2016-03-06,
3219,2016-03-07,
3220,2016-03-08,
3221,2016-03-09,
3222,2016-03-10,
3223,2016-03-11,
3224,2016-03-12,
3225,2016-03-13,
3226,2016-03-14,
3227,2016-03-15,
3228,2016-03-16,
3229,2016-03-17,
3230,2016-03-18,
3231,2016-03-19,
3232,2016-03-20,
3233,2016-03-21,
3234,2016-03-22,
3235,2016-03-23,
3236,2016-03-24,
3237,2016-03-25,
3238,2016-03-26,
3239,2016-03-27,
3240,2016-03-28,
3241,2016-03-29,
3242,2016-03-30,
3243,2016-03-31,
3244,2016-04-01,
3245,2016-04-02,
3246,2016-04-03,
3247,2016-04-04,
3248,2016-04-05,
3249,2016-04-06,
3250,2016-04-07,
3251,2016-04-08,
3252,2016-04-09,
3253,2016-04-10,
3254,2016-04-11,
3255,2016-04-12,
3256,2016-04-13,
3257,2016-04-14,
3258,2016-04-15,
3259,2016-04-16,
3260,2016-04-17,
3261,2016-04-18,
3262,2016-04-19,
3263,2016-04-20,
3264,2016-04-21,
3265,2016-04-22,
3266,2016-04-23,
3267,2016-04-24,
3268,2016-04-25,
3269,2016-04-26,
3270,2016-04-27,
3271,2016-04-28,
3272,2016-04-29,
3273,2016-04-30,
3274,2016-05-01,
3275,2016-05-02,
3276,2016-05-03,
3277,2016-05-04,
3278,2016-05-05,
3279,2016-05-06,
3280,2016-05-07,
3281,2016-05-08,
3282,2016-05-09,
3283,2016-05-10,
3284,2016-05-11,
3285,2016-05-12,
3286,2016-05-13,
3287,2016-05-14,
3288,2016-05-15,
3289,2016-05-16,
3290,2016-05-17,
3291,2016-05-18,
3292,2016-05-19,
3293,2016-05-20,
3294,2016-05-21,
3295,2016-05-22,
3296,2016-05-23,
3297,2016-05-24,
3298,2016-05-25,
3299,2016-05-26,
3300,2016-05-27,
3301,2016-05-28,
3302,2016-05-29,
3303,2016-05-30,
3304,2016-05-31,
3305,2016-06-01,
3306,2016-06-02,
3307,2016-06-03,
3308,2016-06-04,
3309,2016-06-05,
3310,2016-06-06,
3311,2016-06-07,
3312,2016-06-08,
3313,2016-06-09,
3314,2016-06-10,
3315,2016-06-11,
3316,2016-06-12,
3317,2016-06-13,
3318,2016-06-14,
3319,2016-06-15,
3320,2016-06-16,
3321,2016-06-17,
3322,2016-06-18,
3323,2016-06-19,
3324,2016-06-20,
3325,2016-06-21,
3326,2016-06-22,
3327,2016-06-23,
3328,2016-06-24,
3329,2016-06-25,
3330,2016-06-26,
3331,2016-06-27,
3332,2016-06-28,
3333,2016-06-29,
3334,2016-06-30,
3335,2016-07-01,
3336,2016-07-02,
3337,2016-07-03,
3338,2016-07-04,
3339,2016-07-05,
3340,2016-07-06,
3341,2016-07-07,
3342,2016-07-08,
3343,2016-07-09,
3344,2016-07-10,
3345,2016-07-11,
3346,2016-07-12,
3347,2016-07-13,
3348,2016-07-14,
3349,2016-07-15,
3350,2016-07-16,
3351,2016-07-17,
3352,2016-07-18,
3353,2016-07-19,
3354,2016-07-20,
3355,2016-07-21,
3356,2016-07-22,
3357,2016-07-23,
3358,2016-07-24,
3359,2016-07-25,
3360,2016-07-26,
3361,2016-07-27,
3362,2016-07-28,
3363,2016-07-29,
3364,2016-07-30,
3365,2016-07-31,
3366,2016-08-01,
3367,2016-08-02,
3368,2016-08-03,
3369,2016-08-04,
3370,2016-08-05,
3371,2016-08-06,
3372,2016-08-07,
3373,2016-08-08,
3374,2016-08-09,
3375,2016-08-10,
3376,2016-08-11,
3377,2016-08-12,
3378,2016-08-13,
3379,2016-08-14,
3380,2016-08-15,
3381,2016-08-16,
3382,2016-08-17,
3383,2016-08-18,
3384,2016-08-19,
3385,2016-08-20,
3386,2016-08-21,
3387,2016-08-22,
3388,2016-08-23,
3389,2016-08-24,
3390,2016-08-25,
3391,2016-08-26,
3392,2016-08-27,
3393,2016-08-28,
3394,2016-08-29,
3395,2016-08-30,
3396,2016-08-31,
3397,2016-09-01,
3398,2016-09-02,
3399,2016-09-03,
3400,2016-09-04,
3401,2016-09-05,
3402,2016-09-06,
3403,2016-09-07,
3404,2016-09-08,
3405,2016-09-09,
3406,2016-09-10,
3407,2016-09-11,
3408,2016-09-12,
3409,2016-09-13,
3410,2016-09-14,
3411,2016-09-15,
3412,2016-09-16,
3413,2016-09-17,
3414,2016-09-18,
3415,2016-09-19,
3416,2016-09-20,
3417,2016-09-21,
3418,2016-09-22,
3419,2016-09-23,
3420,2016-09-24,
3421,2016-09-25,
3422,2016-09-26,
3423,2016-09-27,
3424,2016-09-28,
3425,2016-09-29,
3426,2016-09-30,
3427,2016-10-01,
3428,2016-10-02,
3429,2016-10-03,
3430,2016-10-04,
3431,2016-10-05,
3432,2016-10-06,
3433,2016-10-07,
3434,2016-10-08,
3435,2016-10-09,
3436,2016-10-10,
3437,2016-10-11,
3438,2016-10-12,
3439,2016-10-13,
3440,2016-10-14,
3441,2016-10-15,
3442,2016-10-16,
3443,2016-10-17,
3444,2016-10-18,
3445,2016-10-19,
3446,2016-10-20,
3447,2016-10-21,
3448,2016-10-22,
3449,2016-10-23,
3450,2016-10-24,
3451,2016-10-25,
3452,2016-10-26,
3453,2016-10-27,
3454,2016-10-28,
3455,2016-10-29,
3456,2016-10-30,
3457,2016-10-31,
3458,2016-11-01,
3459,2016-11-02,
3460,2016-11-03,
3461,2016-11-04,
3462,2016-11-05,
3463,2016-11-06,
3464,2016-11-07,
3465,2016-11-08,
3466,2016-11-09,
3467,2016-11-10,
3468,2016-11-11,
3469,2016-11-12,
3470,2016-11-13,
3471,2016-11-14,
3472,2016-11-15,
3473,2016-11-16,
3474,2016-11-17,
3475,2016-11-18,
3476,2016-11-19,
3477,2016-11-20,
3478,2016-11-21,
3479,2016-11-22,
3480,2016-11-23,
3481,2016-11-24,
3482,2016-11-25,
3483,2016-11-26,
3484,2016-11-27,
3485,2016-11-28,
3486,2016-11-29,
3487,2016-11-30,
3488,2016-12-01,
3489,2016-12-02,
3490,2016-12-03,
3491,2016-12-04,
3492,2016-12-05,
3493,2016-12-06,
3494,2016-12-07,
3495,2016-12-08,
3496,2016-12-09,
3497,2016-12-10,
3498,2016-12-11,
3499,2016-12-12,
3500,2016-12-13,
3501,2016-12-14,
3502,2016-12-15,
3503,2016-12-16,
3504,2016-12-17,
3505,2016-12-18,
3506,2016-12-19,
3507,2016-12-20,
3508,2016-12-21,
3509,2016-12-22,
3510,2016-12-23,
3511,2016-12-24,
3512,2016-12-25,
3513,2016-12-26,
3514,2016-12-27,
3515,2016-12-28,
3516,2016-12-29,
3517,2016-12-30,
3518,2016-12-31,
3519,2017-01-01,
3520,2017-01-02,
3521,2017-01-03,
3522,2017-01-04,
3523,2017-01-05,
3524,2017-01-06,
3525,2017-01-07,
3526,2017-01-08,
3527,2017-01-09,
3528,2017-01-10,
3529,2017-01-11,
3530,2017-01-12,
3531,2017-01-13,
3532,2017-01-14,
3533,2017-01-15,
3534,2017-01-16,
3535,2017-01-17,
3536,2017-01-18,
3537,2017-01-19,
3538,2017-01-20,
3539,2017-01-21,
3540,2017-01-22,
3541,2017-01-23,
3542,2017-01-24,
3543,2017-01-25,
3544,2017-01-26,
3545,2017-01-27,
3546,2017-01-28,
3547,2017-01-29,
3548,2017-01-30,
3549,2017-01-31,
3550,2017-02-01,
3551,2017-02-02,
3552,2017-02-03,
3553,2017-02-04,
3554,2017-02-05,
3555,2017-02-06,
3556,2017-02-07,
3557,2017-02-08,
3558,2017-02-09,
3559,2017-02-10,
3560,2017-02-11,
3561,2017-02-12,
3562,2017-02-13,
3563,2017-02-14,
3564,2017-02-15,
3565,2017-02-16,
3566,2017-02-17,
3567,2017-02-18,
3568,2017-02-19,
3569,2017-02-20,
3570,2017-02-21,
3571,2017-02-22,
3572,2017-02-23,
3573,2017-02-24,
3574,2017-02-25,
3575,2017-02-26,
3576,2017-02-27,
3577,2017-02-28,
3578,2017-03-01,
3579,2017-03-02,
3580,2017-03-03,
3581,2017-03-04,
3582,2017-03-05,
3583,2017-03-06,
3584,2017-03-07,
3585,2017-03-08,
3586,2017-03-09,
3587,2017-03-10,
3588,2017-03-11,
3589,2017-03-12,
3590,2017-03-13,
3591,2017-03-14,
3592,2017-03-15,
3593,2017-03-16,
3594,2017-03-17,
3595,2017-03-18,
3596,2017-03-19,
3597,2017-03-20,
3598,2017-03-21,
3599,2017-03-22,
3600,2017-03-23,
3601,2017-03-24,
3602,2017-03-25,
3603,2017-03-26,
3604,2017-03-27,
3605,2017-03-28,
3606,2017-03-29,
3607,2017-03-30,
3608,2017-03-31,
3609,2017-04-01,
3610,2017-04-02,
3611,2017-04-03,
3612,2017-04-04,
3613,2017-04-05,
3614,2017-04-06,
3615,2017-04-07,
3616,2017-04-08,
3617,2017-04-09,
3618,2017-04-10,
3619,2017-04-11,
3620,2017-04-12,
3621,2017-04-13,
3622,2017-04-14,
3623,2017-04-15,
3624,2017-04-16,
3625,2017-04-17,
3626,2013-10-29,
3627,2013-10-30,
3628,2013-10-31,
3629,2013-11-01,
3630,2013-11-02,
3631,2013-11-03,
3632,2013-11-04,
3633,2013-11-05,
3634,2013-11-06,
3635,2013-11-07,
3636,2013-11-08,
3637,2013-11-09,
3638,2013-11-10,
3639,2013-11-11,
3640,2013-11-12,
3641,2013-11-13,
3642,2013-11-14,
3643,2013-11-15,
3644,2013-11-16,
3645,2013-11-17,
3646,2013-11-18,
3647,2013-11-19,
3648,2013-11-20,
3649,2013-11-21,
3650,2013-11-22,
3651,2013-11-23,
3652,2013-11-24,
3653,2013-11-25,
3654,2013-11-26,
3655,2013-11-27,
3656,2013-11-28,
3657,2013-11-29,
3658,2013-11-30,
3659,2013-12-01,
3660,2013-12-02,
3661,2013-12-03,
3662,2013-12-04,
3663,2013-12-05,
3664,2013-12-06,
3665,2013-12-07,
3666,2013-12-08,
3667,2013-12-09,
3668,2013-12-10,
3669,2013-12-11,
3670,2013-12-12,
3671,2013-12-13,
3672,2013-12-14,
3673,2013-12-15,
3674,2013-12-16,
3675,2013-12-17,
3676,2013-12-18,
3677,2013-12-19,
3678,2013-12-20,
3679,2013-12-21,
3680,2013-12-22,
3681,2013-12-23,
3682,2013-12-24,
3683,2013-12-25,
3684,2013-12-26,
3685,2013-12-27,
3686,2013-12-28,
3687,2013-12-29,
3688,2013-12-30,
3689,2013-12-31,
3690,2014-01-01,
3691,2014-01-02,
3692,2014-01-03,
3693,2014-01-04,
3694,2014-01-05,
3695,2014-01-06,
3696,2014-01-07,
3697,2014-01-08,
3698,2014-01-09,
3699,2014-01-10,
3700,2014-01-11,
3701,2014-01-12,
3702,2014-01-13,
3703,2014-01-14,
3704,2014-01-15,
3705,2014-01-16,
3706,2014-01-17,
3707,2014-01-18,
3708,2014-01-19,
3709,2014-01-20,
3710,2014-01-21,
3711,2014-01-22,
3712,2014-01-23,
3713,2014-01-24,
3714,2014-01-25,
3715,2014-01-26,
3716,2014-01-27,
3717,2014-01-28,
3718,2014-01-29,
3719,2014-01-30,
3720,2014-01-31,
3721,2014-02-01,
3722,2014-02-02,
3723,2014-02-03,
3724,2014-02-04,
3725,2014-02-05,
3726,2014-02-06,
3727,2014-02-07,
3728,2014-02-08,
3729,2014-02-09,
3730,2014-02-10,
3731,2014-02-11,
3732,2014-02-12,
3733,2014-02-13,
3734,2014-02-14,
3735,2014-02-15,
3736,2014-02-16,
3737,2014-02-17,
3738,2014-02-18,
3739,2014-02-19,
3740,2014-02-20,
3741,2014-02-21,
3742,2014-02-22,
3743,2014-02-23,
3744,2014-02-24,
3745,2014-02-25,
3746,2014-02-26,
3747,2014-02-27,
3748,2014-02-28,
3749,2014-03-01,
3750,2014-03-02,
3751,2014-03-03,
3752,2014-03-04,
3753,2014-03-05,
3754,2014-03-06,
3755,2014-03-07,
3756,2014-03-08,
3757,2014-03-09,
3758,2014-03-10,
3759,2014-03-11,
3760,2014-03-12,
3761,2014-03-13,
3762,2014-03-14,
3763,2014-03-15,
3764,2014-03-16,
3765,2014-03-17,
3766,2014-03-18,
3767,2014-03-19,
3768,2014-03-20,
3769,2014-03-21,
3770,2014-03-22,
3771,2014-03-23,
3772,2014-03-24,
3773,2014-03-25,
3774,2014-03-26,
3775,2014-03-27,
3776,2014-03-28,
3777,2014-03-29,
3778,2014-03-30,
3779,2014-03-31,
3780,2014-04-01,
3781,2014-04-02,
3782,2014-04-03,
3783,2014-04-04,
3784,2014-04-05,
3785,2014-04-06,
3786,2014-04-07,
3787,2014-04-08,
3788,2014-04-09,
3789,2014-04-10,
3790,2014-04-11,
3791,2014-04-12,
3792,2014-04-13,
3793,2014-04-14,
3794,2014-04-15,
3795,2014-04-16,
3796,2014-10-28,
3797,2014-10-29,
3798,2014-10-30,
3799,2014-10-31,
3800,2014-11-01,
3801,2014-11-02,
3802,2014-11-03,
3803,2014-11-04,
3804,2014-11-05,
3805,2014-11-06,
3806,2014-11-07,
3807,2014-11-08,
3808,2014-11-09,
3809,2014-11-10,
3810,2014-11-11,
3811,2014-11-12,
3812,2014-11-13,
3813,2014-11-14,
3814,2014-11-15,
3815,2014-11-16,
3816,2014-11-17,
3817,2014-11-18,
3818,2014-11-19,
3819,2014-11-20,
3820,2014-11-21,
3821,2014-11-22,
3822,2014-11-23,
3823,2014-11-24,
3824,2014-11-25,
3825,2014-11-26,
3826,2014-11-27,
3827,2014-11-28,
3828,2014-11-29,
3829,2014-11-30,
3830,2014-12-01,
3831,2014-12-02,
3832,2014-12-03,
3833,2014-12-04,
3834,2014-12-05,
3835,2014-12-06,
3836,2014-12-07,
3837,2014-12-08,
3838,2014-12-09,
3839,2014-12-10,
3840,2014-12-11,
3841,2014-12-12,
3842,2014-12-13,
3843,2014-12-14,
3844,2014-12-15,
3845,2014-12-16,
3846,2014-12-17,
3847,2014-12-18,
3848,2014-12-19,
3849,2014-12-20,
3850,2014-12-21,
3851,2014-12-22,
3852,2014-12-23,
3853,2014-12-24,
3854,2014-12-25,
3855,2014-12-26,
3856,2014-12-27,
3857,2014-12-28,
3858,2014-12-29,
3859,2014-12-30,
3860,2014-12-31,
3861,2015-01-01,
3862,2015-01-02,
3863,2015-01-03,
3864,2015-01-04,
3865,2015-01-05,
3866,2015-01-06,
3867,2015-01-07,
3868,2015-01-08,
3869,2015-01-09,
3870,2015-01-10,
3871,2015-01-11,
3872,2015-01-12,
3873,2015-01-13,
3874,2015-01-14,
3875,2015-01-15,
3876,2015-01-16,
3877,2015-01-17,
3878,2015-01-18,
3879,2015-01-19,
3880,2015-01-20,
3881,2015-01-21,
3882,2015-01-22,
3883,2015-01-23,
3884,2015-01-24,
3885,2015-01-25,
3886,2015-01-26,
3887,2015-01-27,
3888,2015-01-28,
3889,2015-01-29,
3890,2015-01-30,
3891,2015-01-31,
3892,2015-02-01,
3893,2015-02-02,
3894,2015-02-03,
3895,2015-02-04,
3896,2015-02-05,
3897,2015-02-06,
3898,2015-02-07,
3899,2015-02-08,
3900,2015-02-09,
3901,2015-02-10,
3902,2015-02-11,
3903,2015-02-12,
3904,2015-02-13,
3905,2015-02-14,
3906,2015-02-15,
3907,2015-02-16,
3908,2015-02-17,
3909,2015-02-18,
3910,2015-02-19,
3911,2015-02-20,
3912,2015-02-21,
3913,2015-02-22,
3914,2015-02-23,
3915,2015-02-24,
3916,2015-02-25,
3917,2015-02-26,
3918,2015-02-27,
3919,2015-02-28,
3920,2015-03-01,
3921,2015-03-02,
3922,2015-03-03,
3923,2015-03-04,
3924,2015-03-05,
3925,2015-03-06,
3926,2015-03-07,
3927,2015-03-08,
3928,2015-03-09,
3929,2015-03-10,
3930,2015-03-11,
3931,2015-03-12,
3932,2015-03-13,
3933,2015-03-14,
3934,2015-03-15,
3935,2015-03-16,
3936,2015-03-17,
3937,2015-03-18,
3938,2015-03-19,
3939,2015-03-20,
3940,2015-03-21,
3941,2015-03-22,
3942,2015-03-23,
3943,2015-03-24,
3944,2015-03-25,
3945,2015-03-26,
3946,2015-03-27,
3947,2015-03-28,
3948,2015-03-29,
3949,2015-03-30,
3950,2015-03-31,
3951,2015-04-01,
3952,2015-04-02,
3953,2015-04-03,
3954,2015-04-04,
3955,2015-04-05,
3956,2015-04-06,
3957,2015-04-07,
3958,2015-04-08,
3959,2015-04-09,
3960,2015-04-10,
3961,2015-04-11,
3962,2015-04-12,
3963,2015-04-13,
3964,2015-04-14,
3965,2015-04-15,
3966,2015-10-27,
3967,2015-10-28,
3968,2015-10-29,
3969,2015-10-30,
3970,2015-10-31,
3971,2015-11-01,
3972,2015-11-02,
3973,2015-11-03,
3974,2015-11-04,
3975,2015-11-05,
3976,2015-11-06,
3977,2015-11-07,
3978,2015-11-08,
3979,2015-11-09,
3980,2015-11-10,
3981,2015-11-11,
3982,2015-11-12,
3983,2015-11-13,
3984,2015-11-14,
3985,2015-11-15,
3986,2015-11-16,
3987,2015-11-17,
3988,2015-11-18,
3989,2015-11-19,
3990,2015-11-20,
3991,2015-11-21,
3992,2015-11-22,
3993,2015-11-23,
3994,2015-11-24,
3995,2015-11-25,
3996,2015-11-26,
3997,2015-11-27,
3998,2015-11-28,
3999,2015-11-29,
4000,2015-11-30,
4001,2015-12-01,
4002,2015-12-02,
4003,2015-12-03,
4004,2015-12-04,
4005,2015-12-05,
4006,2015-12-06,
4007,2015-12-07,
4008,2015-12-08,
4009,2015-12-09,
4010,2015-12-10,
4011,2015-12-11,
4012,2015-12-12,
4013,2015-12-13,
4014,2015-12-14,
4015,2015-12-15,
4016,2015-12-16,
4017,2015-12-17,
4018,2015-12-18,
4019,2015-12-19,
4020,2015-12-20,
4021,2015-12-21,
4022,2015-12-22,
4023,2015-12-23,
4024,2015-12-24,
4025,2015-12-25,
4026,2015-12-26,
4027,2015-12-27,
4028,2015-12-28,
4029,2015-12-29,
4030,2015-12-30,
4031,2015-12-31,
4032,2016-01-01,
4033,2016-01-02,
4034,2016-01-03,
4035,2016-01-04,
4036,2016-01-05,
4037,2016-01-06,
4038,2016-01-07,
4039,2016-01-08,
4040,2016-01-09,
4041,2016-01-10,
4042,2016-01-11,
4043,2016-01-12,
4044,2016-01-13,
4045,2016-01-14,
4046,2016-01-15,
4047,2016-01-16,
4048,2016-01-17,
4049,2016-01-18,
4050,2016-01-19,
4051,2016-01-20,
4052,2016-01-21,
4053,2016-01-22,
4054,2016-01-23,
4055,2016-01-24,
4056,2016-01-25,
4057,2016-01-26,
4058,2016-01-27,
4059,2016-01-28,
4060,2016-01-29,
4061,2016-01-30,
4062,2016-01-31,
4063,2016-02-01,
4064,2016-02-02,
4065,2016-02-03,
4066,2016-02-04,
4067,2016-02-05,
4068,2016-02-06,
4069,2016-02-07,
4070,2016-02-08,
4071,2016-02-09,
4072,2016-02-10,
4073,2016-02-11,
4074,2016-02-12,
4075,2016-02-13,
4076,2016-02-14,
4077,2016-02-15,
4078,2016-02-16,
4079,2016-02-17,
4080,2016-02-18,
4081,2016-02-19,
4082,2016-02-20,
4083,2016-02-21,
4084,2016-02-22,
4085,2016-02-23,
4086,2016-02-24,
4087,2016-02-25,
4088,2016-02-26,
4089,2016-02-27,
4090,2016-02-28,
4091,2016-02-29,
4092,2016-03-01,
4093,2016-03-02,
4094,2016-03-03,
4095,2016-03-04,
4096,2016-03-05,
4097,2016-03-06,
4098,2016-03-07,
4099,2016-03-08,
4100,2016-03-09,
4101,2016-03-10,
4102,2016-03-11,
4103,2016-03-12,
4104,2016-03-13,
4105,2016-03-14,
4106,2016-03-15,
4107,2016-03-16,
4108,2016-03-17,
4109,2016-03-18,
4110,2016-03-19,
4111,2016-03-20,
4112,2016-03-21,
4113,2016-03-22,
4114,2016-03-23,
4115,2016-03-24,
4116,2016-03-25,
4117,2016-03-26,
4118,2016-03-27,
4119,2016-03-28,
4120,2016-03-29,
4121,2016-03-30,
4122,2016-03-31,
4123,2016-04-01,
4124,2016-04-02,
4125,2016-04-03,
4126,2016-04-04,
4127,2016-04-05,
4128,2016-04-06,
4129,2016-04-07,
4130,2016-04-08,
4131,2016-04-09,
4132,2016-04-10,
4133,2016-04-11,
4134,2016-04-12,
4135,2016-04-13,
4136,2016-10-25,
4137,2016-10-26,
4138,2016-10-27,
4139,2016-10-28,
4140,2016-10-29,
4141,2016-10-30,
4142,2016-10-31,
4143,2016-11-01,
4144,2016-11-02,
4145,2016-11-03,
4146,2016-11-04,
4147,2016-11-05,
4148,2016-11-06,
4149,2016-11-07,
4150,2016-11-08,
4151,2016-11-09,
4152,2016-11-10,
4153,2016-11-11,
4154,2016-11-12,
4155,2016-11-13,
4156,2016-11-14,
4157,2016-11-15,
4158,2016-11-16,
4159,2016-11-17,
4160,2016-11-18,
4161,2016-11-19,
4162,2016-11-20,
4163,2016-11-21,
4164,2016-11-22,
4165,2016-11-23,
4166,2016-11-24,
4167,2016-11-25,
4168,2016-11-26,
4169,2016-11-27,
4170,2016-11-28,
4171,2016-11-29,
4172,2016-11-30,
4173,2016-12-01,
4174,2016-12-02,
4175,2016-12-03,
4176,2016-12-04,
4177,2016-12-05,
4178,2016-12-06,
4179,2016-12-07,
4180,2016-12-08,
4181,2016-12-09,
4182,2016-12-10,
4183,2016-12-11,
4184,2016-12-12,
4185,2016-12-13,
4186,2016-12-14,
4187,2016-12-15,
4188,2016-12-16,
4189,2016-12-17,
4190,2016-12-18,
4191,2016-12-19,
4192,2016-12-20,
4193,2016-12-21,
4194,2016-12-22,
4195,2016-12-23,
4196,2016-12-24,
4197,2016-12-25,
4198,2016-12-26,
4199,2016-12-27,
4200,2016-12-28,
4201,2016-12-29,
4202,2016-12-30,
4203,2016-12-31,
4204,2017-01-01,
4205,2017-01-02,
4206,2017-01-03,
4207,2017-01-04,
4208,2017-01-05,
4209,2017-01-06,
4210,2017-01-07,
4211,2017-01-08,
4212,2017-01-09,
4213,2017-01-10,
4214,2017-01-11,
4215,2017-01-12,
4216,2017-01-13,
4217,2017-01-14,
4218,2017-01-15,
4219,2017-01-16,
4220,2017-01-17,
4221,2017-01-18,
4222,2017-01-19,
4223,2017-01-20,
4224,2017-01-21,
4225,2017-01-22,
4226,2017-01-23,
4227,2017-01-24,
4228,2017-01-25,
4229,2017-01-26,
4230,2017-01-27,
4231,2017-01-28,
4232,2017-01-29,
4233,2017-01-30,
4234,2017-01-31,
4235,2017-02-01,
4236,2017-02-02,
4237,2017-02-03,
4238,2017-02-04,
4239,2017-02-05,
4240,2017-02-06,
4241,2017-02-07,
4242,2017-02-08,
4243,2017-02-09,
4244,2017-02-10,
4245,2017-02-11,
4246,2017-02-12,
4247,2017-02-13,
4248,2017-02-14,
4249,2017-02-15,
4250,2017-02-16,
4251,2017-02-17,
4252,2017-02-18,
4253,2017-02-19,
4254,2017-02-20,
4255,2017-02-21,
4256,2017-02-22,
4257,2017-02-23,
4258,2017-02-24,
4259,2017-02-25,
4260,2017-02-26,
4261,2017-02-27,
4262,2017-02-28,
4263,2017-03-01,
4264,2017-03-02,
4265,2017-03-03,
4266,2017-03-04,
4267,2017-03-05,
4268,2017-03-06,
4269,2017-03-07,
4270,2017-03-08,
4271,2017-03-09,
4272,2017-03-10,
4273,2017-03-11,
4274,2017-03-12,
4275,2017-03-13,
4276,2017-03-14,
4277,2017-03-15,
4278,2017-03-16,
4279,2017-03-17,
4280,2017-03-18,
4281,2017-03-19,
4282,2017-03-20,
4283,2017-03-21,
4284,2017-03-22,
4285,2017-03-23,
4286,2017-03-24,
4287,2017-03-25,
4288,2017-03-26,
4289,2017-03-27,
4290,2017-03-28,
4291,2017-03-29,
4292,2017-03-30,
4293,2017-03-31,
4294,2017-04-01,
4295,2017-04-02,
4296,2017-04-03,
4297,2017-04-04,
4298,2017-04-05,
4299,2017-04-06,
4300,2017-04-07,
4301,2017-04-08,
4302,2017-04-09,
4303,2017-04-10,
4304,2017-04-11,
4305,2017-04-12,
4306,2017-10-17,
4307,2017-10-18,
4308,2017-10-19,
4309,2017-10-20,
4310,2017-10-21,
4311,2017-10-22,
4312,2017-10-23,
4313,2017-10-24,
4314,2017-10-25,
4315,2017-10-26,
4316,2017-10-27,
4317,2017-10-28,
4318,2017-10-29,
4319,2017-10-30,
4320,2017-10-31,
4321,2017-11-01,
4322,2017-11-02,
4323,2017-11-03,
4324,2017-11-04,
4325,2017-11-05,
4326,2017-11-06,
4327,2017-11-07,
4328,2017-11-08,
4329,2017-11-09,
4330,2017-11-10,
4331,2017-11-11,
4332,2017-11-12,
4333,2017-11-13,
4334,2017-11-14,
4335,2017-11-15,
4336,2017-11-16,
4337,2017-11-17,
4338,2017-11-18,
4339,2017-11-19,
4340,2017-11-20,
4341,2017-11-21,
4342,2017-11-22,
4343,2017-11-23,
4344,2017-11-24,
4345,2017-11-25,
4346,2017-11-26,
4347,2017-11-27,
4348,2017-11-28,
4349,2017-11-29,
4350,2017-11-30,
4351,2017-12-01,
4352,2017-12-02,
4353,2017-12-03,
4354,2017-12-04,
4355,2017-12-05,
4356,2017-12-06,
4357,2017-12-07,
4358,2017-12-08,
4359,2017-12-09,
4360,2017-12-10,
4361,2017-12-11,
4362,2017-12-12,
4363,2017-12-13,
4364,2017-12-14,
4365,2017-12-15,
4366,2017-12-16,
4367,2017-12-17,
4368,2017-12-18,
4369,2017-12-19,
4370,2017-12-20,
4371,2017-12-21,
4372,2017-12-22,
4373,2017-12-23,
4374,2017-12-24,
4375,2017-12-25,
4376,2017-12-26,
4377,2017-12-27,
4378,2017-12-28,
4379,2017-12-29,
4380,2017-12-30,
4381,2017-12-31,
4382,2018-01-01,
4383,2018-01-02,
4384,2018-01-03,
4385,2018-01-04,
4386,2018-01-05,
4387,2018-01-06,
4388,2018-01-07,
4389,2018-01-08,
4390,2018-01-09,
4391,2018-01-10,
4392,2018-01-11,
4393,2018-01-12,
4394,2018-01-13,
4395,2018-01-14,
4396,2018-01-15,
4397,2018-01-16,
4398,2018-01-17,
4399,2018-01-18,
4400,2018-01-19,
4401,2018-01-20,
4402,2018-01-21,
4403,2018-01-22,
4404,2018-01-23,
4405,2018-01-24,
4406,2018-01-25,
4407,2018-01-26,
4408,2018-01-27,
4409,2018-01-28,
4410,2018-01-29,
4411,2018-01-30,
4412,2018-01-31,
4413,2018-02-01,
4414,2018-02-02,
4415,2018-02-03,
4416,2018-02-04,
4417,2018-02-05,
4418,2018-02-06,
4419,2018-02-07,
4420,2018-02-08,
4421,2018-02-09,
4422,2018-02-10,
4423,2018-02-11,
4424,2018-02-12,
4425,2018-02-13,
4426,2018-02-14,
4427,2018-02-15,
4428,2018-02-16,
4429,2018-02-17,
4430,2018-02-18,
4431,2018-02-19,
4432,2018-02-20,
4433,2018-02-21,
4434,2018-02-22,
4435,2018-02-23,
4436,2018-02-24,
4437,2018-02-25,
4438,2018-02-26,
4439,2018-02-27,
4440,2018-02-28,
4441,2018-03-01,
4442,2018-03-02,
4443,2018-03-03,
4444,2018-03-04,
4445,2018-03-05,
4446,2018-03-06,
4447,2018-03-07,
4448,2018-03-08,
4449,2018-03-09,
4450,2018-03-10,
4451,2018-03-11,
4452,2018-03-12,
4453,2018-03-13,
4454,2018-03-14,
4455,2018-03-15,
4456,2018-03-16,
4457,2018-03-17,
4458,2018-03-18,
4459,2018-03-19,
4460,2018-03-20,
4461,2018-03-21,
4462,2018-03-22,
4463,2018-03-23,
4464,2018-03-24,
4465,2018-03-25,
4466,2018-03-26,
4467,2018-03-27,
4468,2018-03-28,
4469,2018-03-29,
4470,2018-03-30,
4471,2018-03-31,
4472,2018-04-01,
4473,2018-04-02,
4474,2018-04-03,
4475,2018-04-04,
4476,2018-04-05,
4477,2018-04-06,
4478,2018-04-07,
4479,2018-04-08,
4480,2018-04-09,
4481,2018-04-10,
4482,2018-04-11,
4483,2018-10-18,
4484,2018-10-19,
4485,2018-10-20,
4486,2018-10-21,
4487,2018-10-22,
4488,2018-10-23,
4489,2018-10-24,
4490,2018-10-25,
4491,2018-10-26,
4492,2018-10-27,
4493,2018-10-28,
4494,2018-10-29,
4495,2018-10-30,
4496,2018-10-31,
4497,2018-11-01,
4498,2018-11-02,
4499,2018-11-03,
4500,2018-11-04,
4501,2018-11-05,
4502,2018-11-06,
4503,2018-11-07,
4504,2018-11-08,
4505,2018-11-09,
4506,2018-11-10,
4507,2018-11-11,
4508,2018-11-12,
4509,2018-11-13,
4510,2018-11-14,
4511,2018-11-15,
4512,2018-11-16,
4513,2018-11-17,
4514,2018-11-18,
4515,2018-11-19,
4516,2018-11-20,
4517,2018-11-21,
4518,2018-11-22,
4519,2018-11-23,
4520,2018-11-24,
4521,2018-11-25,
4522,2018-11-26,
4523,2018-11-27,
4524,2018-11-28,
4525,2018-11-29,
4526,2018-11-30,
4527,2018-12-01,
4528,2018-12-02,
4529,2018-12-03,
4530,2018-12-04,
4531,2018-12-05,
4532,2018-12-06,
4533,2018-12-07,
4534,2018-12-08,
4535,2018-12-09,
4536,2018-12-10,
4537,2018-12-11,
4538,2018-12-12,
4539,2018-12-13,
4540,2018-12-14,
4541,2018-12-15,
4542,2018-12-16,
4543,2018-12-17,
4544,2018-12-18,
4545,2018-12-19,
4546,2018-12-20,
4547,2018-12-21,
4548,2018-12-22,
4549,2018-12-23,
4550,2018-12-24,
4551,2018-12-25,
4552,2018-12-26,
4553,2018-12-27,
4554,2018-12-28,
4555,2018-12-29,
4556,2018-12-30,
4557,2018-12-31,
4558,2019-01-01,
4559,2019-01-02,
4560,2019-01-03,
4561,2019-01-04,
4562,2019-01-05,
4563,2019-01-06,
4564,2019-01-07,
4565,2019-01-08,
4566,2019-01-09,
4567,2019-01-10,
4568,2019-01-11,
4569,2019-01-12,
4570,2019-01-13,
4571,2019-01-14,
4572,2019-01-15,
4573,2019-01-16,
4574,2019-01-17,
4575,2019-01-18,
4576,2019-01-19,
4577,2019-01-20,
4578,2019-01-21,
4579,2019-01-22,
4580,2019-01-23,
4581,2019-01-24,
4582,2019-01-25,
4583,2019-01-26,
4584,2019-01-27,
4585,2019-01-28,
4586,2019-01-29,
4587,2019-01-30,
4588,2019-01-31,
4589,2019-02-01,
4590,2019-02-02,
4591,2019-02-03,
4592,2019-02-04,
4593,2019-02-05,
4594,2019-02-06,
4595,2019-02-07,
4596,2019-02-08,
4597,2019-02-09,
4598,2019-02-10,
4599,2019-02-11,
4600,2019-02-12,
4601,2019-02-13,
4602,2019-02-14,
4603,2019-02-15,
4604,2019-02-16,
4605,2019-02-17,
4606,2019-02-18,
4607,2019-02-19,
4608,2019-02-20,
4609,2019-02-21,
4610,2019-02-22,
4611,2019-02-23,
4612,2019-02-24,
4613,2019-02-25,
4614,2019-02-26,
4615,2019-02-27,
4616,2019-02-28,
4617,2019-03-01,
4618,2019-03-02,
4619,2019-03-03,
4620,2019-03-04,
4621,2019-03-05,
4622,2019-03-06,
4623,2019-03-07,
4624,2019-03-08,
4625,2019-03-09,
4626,2019-03-10,
4627,2019-03-11,
4628,2019-03-12,
4629,2019-03-13,
4630,2019-03-14,
4631,2019-03-15,
4632,2019-03-16,
4633,2019-03-17,
4634,2019-03-18,
4635,2019-03-19,
4636,2019-03-20,
4637,2019-03-21,
4638,2019-03-22,
4639,2019-03-23,
4640,2019-03-24,
4641,2019-03-25,
4642,2019-03-26,
4643,2019-03-27,
4644,2019-03-28,
4645,2019-03-29,
4646,2019-03-30,
4647,2019-03-31,
4648,2019-04-01,
4649,2019-04-02,
4650,2019-04-03,
4651,2019-04-04,
4652,2019-04-05,
4653,2019-04-06,
4654,2019-04-07,
4655,2019-04-08,
4656,2019-04-09,
4657,2019-04-10,
