gids,downloaded
0021200241,0
0021400007,0
0021400311,0
0021300204,0
0021800079,0
0021200950,0
0021700330,0
0021300462,0
0021201019,0
0021500307,0
0021200866,0
0021200287,0
0021500532,0
0021200675,0
0021401227,0
0021300243,0
0021500003,0
0021301174,0
0021700239,0
0021701144,0
0021700143,0
0021400409,0
0021800552,0
0021500767,0
0021400871,0
0021700598,0
0021400755,0
0021500545,0
0021200837,0
0021400107,0
0021701230,0
0021700951,0
0021301036,0
0021700380,0
0021700622,0
0021700108,0
0021700847,0
0021701142,0
0021800804,0
0021500447,0
0021401189,0
0021300802,0
0021500765,0
0021201165,0
0021700123,0
0021400857,0
0021200828,0
0021200568,0
0021301144,0
0021700888,0
0021200767,0
0021300763,0
0021300919,0
0021300181,0
0021500854,0
0021800141,0
0021200008,0
0021800893,0
0021801144,0
0021201080,0
0021800945,0
0021700394,0
0021300326,0
0021801196,0
0021700092,0
0021700495,0
0021500730,0
0021500777,0
0021700945,0
0021700102,0
0021300096,0
0021500968,0
0021500279,0
0021800319,0
0021400255,0
0021500303,0
0021500363,0
0021501209,0
0021500845,0
0021400364,0
0021300502,0
0021700160,0
0021500107,0
0021300191,0
0021500173,0
0021801040,0
0021800380,0
0021401182,0
0021500257,0
0021700099,0
0021800715,0
0021200299,0
0021500235,0
0021501011,0
0021400485,0
0021300934,0
0021200677,0
0021200587,0
0021200327,0
0021700717,0
0021400403,0
0021500781,0
0021700085,0
0021400273,0
0021200713,0
0021700271,0
0021300519,0
0021800536,0
0021300689,0
0021201009,0
0021300770,0
0021300935,0
0021500763,0
0021400914,0
0021400876,0
0021400280,0
0021201028,0
0021400580,0
0021300711,0
0021700191,0
0021500733,0
0021500751,0
0021801115,0
0021500703,0
0021301001,0
0021800279,0
0021800340,0
0021700401,0
0021300884,0
0021500996,0
0021301182,0
0021300690,0
0021200749,0
0021500790,0
0021500806,0
0021300504,0
0021700087,0
0021400424,0
0021200474,0
0021700141,0
0021400537,0
0021500926,0
0021701212,0
0021200456,0
0021800180,0
0021500157,0
0021200476,0
0021700924,0
0021801036,0
0021301225,0
0021200695,0
0021200448,0
0021501177,0
0021200040,0
0021300923,0
0021801128,0
0021800052,0
0021400666,0
0021200212,0
0021200209,0
0021201190,0
0021501008,0
0021300724,0
0021800670,0
0021200256,0
0021801088,0
0021500054,0
0021700967,0
0021801102,0
0021500970,0
0021400150,0
0021200348,0
0021201180,0
0021500553,0
0021400674,0
0021700851,0
0021500040,0
0021400244,0
0021701216,0
0021500943,0
0021800002,0
0021500975,0
0021701218,0
0021700488,0
0021801083,0
0021201041,0
0021300915,0
0021400992,0
0021700193,0
0021700443,0
0021700062,0
0021200269,0
0021300842,0
0021200076,0
0021200788,0
0021800931,0
0021700630,0
0021400269,0
0021800464,0
0021401068,0
0021300761,0
0021800240,0
0021801078,0
0021800522,0
0021201219,0
0021700900,0
0021200113,0
0021700178,0
0021700382,0
0021300483,0
0021200651,0
0021400169,0
0021501005,0
0021801204,0
0021500755,0
0021700104,0
0021200929,0
0021800578,0
0021201021,0
0021500710,0
0021400739,0
0021200367,0
0021500137,0
0021700887,0
0021300561,0
0021300015,0
0021200323,0
0021200497,0
0021501084,0
0021400395,0
0021200452,0
0021800241,0
0021700530,0
0021800272,0
0021501163,0
0021800836,0
0021300557,0
0021400387,0
0021501097,0
0021500144,0
0021301037,0
0021700730,0
0021800074,0
0021400653,0
0021300578,0
0021300832,0
0021300050,0
0021300464,0
0021501196,0
0021200201,0
0021400383,0
0021500581,0
0021801139,0
0021201092,0
0021500074,0
0021400050,0
0021400390,0
0021400786,0
0021201031,0
0021201133,0
0021301118,0
0021800829,0
0021800020,0
0021200443,0
0021700623,0
0021701024,0
0021700185,0
0021400069,0
0021400179,0
0021400203,0
0021200183,0
0021500613,0
0021300949,0
0021200122,0
0021801222,0
0021500449,0
0021401140,0
0021700390,0
0021200926,0
0021700251,0
0021200977,0
0021700269,0
0021500855,0
0021400629,0
0021700256,0
0021801030,0
0021300443,0
0021800685,0
0021300851,0
0021700171,0
0021200477,0
0021500502,0
0021501149,0
0021400969,0
0021500306,0
0021800777,0
0021300853,0
0021801044,0
0021301011,0
0021400448,0
0021400369,0
0021800738,0
0021400213,0
0021500810,0
0021400776,0
0021500538,0
0021800122,0
0021400319,0
0021200382,0
0021200704,0
0021701215,0
0021700419,0
0021300296,0
0021301044,0
0021500115,0
0021700132,0
0021800532,0
0021801210,0
0021300001,0
0021300510,0
0021200884,0
0021700252,0
0021201094,0
0021700131,0
0021200021,0
0021800534,0
0021500297,0
0021500148,0
0021400446,0
0021800912,0
0021500661,0
0021700389,0
0021200037,0
0021200968,0
0021400528,0
0021801126,0
0021701120,0
0021401165,0
0021300781,0
0021800978,0
0021701033,0
0021300960,0
0021800710,0
0021200058,0
0021200147,0
0021500153,0
0021400780,0
0021300646,0
0021500457,0
0021300166,0
0021800427,0
0021200316,0
0021501124,0
0021500365,0
0021500658,0
0021500284,0
0021201079,0
0021700117,0
0021501174,0
0021700078,0
0021701064,0
0021200892,0
0021200936,0
0021201055,0
0021701017,0
0021700128,0
0021300943,0
0021300421,0
0021700971,0
0021501114,0
0021701202,0
0021500707,0
0021501180,0
0021800585,0
0021300709,0
0021700969,0
0021500246,0
0021200052,0
0021300922,0
0021500930,0
0021401074,0
0021300877,0
0021800303,0
0021300131,0
0021500863,0
0021401109,0
0021801045,0
0021800357,0
0021500478,0
0021500177,0
0021400957,0
0021701041,0
0021400077,0
0021500070,0
0021700467,0
0021401221,0
0021200974,0
0021501088,0
0021700573,0
0021801134,0
0021400784,0
0021500797,0
0021700798,0
0021400617,0
0021501009,0
0021500911,0
0021800535,0
0021500916,0
0021401027,0
0021300392,0
0021500908,0
0021401133,0
0021300554,0
0021300736,0
0021700331,0
0021200579,0
0021400888,0
0021200001,0
0021400966,0
0021701058,0
0021200109,0
0021400571,0
0021500566,0
0021200002,0
0021700720,0
0021400824,0
0021200924,0
0021800257,0
0021401210,0
0021500033,0
0021800835,0
0021301077,0
0021200097,0
0021801056,0
0021500894,0
0021200607,0
0021800612,0
0021401055,0
0021500058,0
0021200446,0
0021200495,0
0021300137,0
0021700845,0
0021800409,0
0021300174,0
0021300262,0
0021801070,0
0021400633,0
0021300297,0
0021501094,0
0021800651,0
0021300286,0
0021801024,0
0021500671,0
0021200701,0
0021800493,0
0021401051,0
0021501188,0
0021200496,0
0021300787,0
0021500361,0
0021301092,0
0021400687,0
0021401177,0
0021800994,0
0021300901,0
0021500480,0
0021401111,0
0021501093,0
0021200481,0
0021301039,0
0021400737,0
0021501062,0
0021200834,0
0021500044,0
0021300444,0
0021300002,0
0021300991,0
0021200015,0
0021700540,0
0021700434,0
0021500075,0
0021701005,0
0021701119,0
0021400224,0
0021201163,0
0021300044,0
0021301153,0
0021500716,0
0021201049,0
0021400385,0
0021700175,0
0021500629,0
0021200769,0
0021800838,0
0021200366,0
0021201222,0
0021500402,0
0021300683,0
0021400515,0
0021400183,0
0021700036,0
0021201141,0
0021200681,0
0021400290,0
0021801015,0
0021500278,0
0021700610,0
0021500655,0
0021200614,0
0021200039,0
0021300719,0
0021800311,0
0021301064,0
0021500512,0
0021200712,0
0021300076,0
0021701055,0
0021400141,0
0021200934,0
0021700121,0
0021800404,0
0021700100,0
0021700398,0
0021700566,0
0021200967,0
0021500630,0
0021700615,0
0021200893,0
0021500482,0
0021200376,0
0021300334,0
0021400717,0
0021400928,0
0021400744,0
0021500826,0
0021501200,0
0021400127,0
0021300721,0
0021400488,0
0021700026,0
0021500364,0
0021400416,0
0021700371,0
0021200422,0
0021800439,0
0021800983,0
0021801230,0
0021500717,0
0021701104,0
0021400473,0
0021200199,0
0021700777,0
0021200444,0
0021300331,0
0021501139,0
0021700397,0
0021501066,0
0021300514,0
0021300212,0
0021800426,0
0021201189,0
0021201051,0
0021500213,0
0021300003,0
0021700946,0
0021301079,0
0021400389,0
0021700064,0
0021400398,0
0021301067,0
0021700480,0
0021800840,0
0021200839,0
0021501104,0
0021300666,0
0021300946,0
0021800802,0
0021200960,0
0021800475,0
0021200303,0
0021400986,0
0021200909,0
0021500713,0
0021700901,0
0021500134,0
0021200011,0
0021700472,0
0021300280,0
0021300743,0
0021300669,0
0021700226,0
0021500846,0
0021400994,0
0021300260,0
0021800110,0
0021700534,0
0021700509,0
0021500599,0
0021700599,0
0021400591,0
0021401002,0
0021401099,0
0021500856,0
0021300953,0
0021301146,0
0021300403,0
0021500191,0
0021300187,0
0021700721,0
0021800716,0
0021200566,0
0021400229,0
0021701107,0
0021501065,0
0021300329,0
0021700587,0
0021400682,0
0021701128,0
0021800309,0
0021400337,0
0021500827,0
0021800467,0
0021800620,0
0021800352,0
0021400143,0
0021700909,0
0021700048,0
0021201025,0
0021800075,0
0021400146,0
0021400410,0
0021501044,0
0021800982,0
0021300164,0
0021200818,0
0021700864,0
0021500958,0
0021400532,0
0021400020,0
0021400713,0
0021200569,0
0021200963,0
0021801171,0
0021701192,0
0021200760,0
0021800430,0
0021300104,0
0021200196,0
0021500116,0
0021500350,0
0021300417,0
0021300140,0
0021800520,0
0021800121,0
0021400502,0
0021800635,0
0021200823,0
0021300165,0
0021400509,0
0021500506,0
0021400511,0
0021501037,0
0021801179,0
0021300684,0
0021300766,0
0021400484,0
0021700906,0
0021301053,0
0021700670,0
0021301190,0
0021400872,0
0021800089,0
0021301043,0
0021200840,0
0021701080,0
0021400129,0
0021700304,0
0021200041,0
0021400569,0
0021400044,0
0021800042,0
0021500742,0
0021500505,0
0021300613,0
0021800874,0
0021400478,0
0021400779,0
0021700508,0
0021300801,0
0021800076,0
0021401096,0
0021800717,0
0021300776,0
0021300756,0
0021200301,0
0021300453,0
0021200629,0
0021400322,0
0021700515,0
0021300892,0
0021801118,0
0021700524,0
0021501024,0
0021300606,0
0021800202,0
0021500193,0
0021700355,0
0021200697,0
0021300625,0
0021300085,0
0021400087,0
0021800807,0
0021500865,0
0021800785,0
0021300300,0
0021401031,0
0021700200,0
0021801001,0
0021400745,0
0021201013,0
0021501128,0
0021500024,0
0021301161,0
0021200891,0
0021200861,0
0021800604,0
0021200693,0
0021500414,0
0021700081,0
0021300755,0
0021300710,0
0021800599,0
0021400626,0
0021301025,0
0021300328,0
0021200710,0
0021300687,0
0021700963,0
0021700505,0
0021200419,0
0021500835,0
0021200103,0
0021200063,0
0021200930,0
0021300113,0
0021800954,0
0021500305,0
0021700586,0
0021200349,0
0021200451,0
0021301208,0
0021800262,0
0021300941,0
0021200743,0
0021500992,0
0021400820,0
0021500867,0
0021400601,0
0021200952,0
0021700307,0
0021400231,0
0021500874,0
0021200978,0
0021700533,0
0021700640,0
0021800095,0
0021400805,0
0021800062,0
0021300633,0
0021700832,0
0021800332,0
0021800759,0
0021201005,0
0021401230,0
0021400940,0
0021200672,0
0021800250,0
0021501007,0
0021200535,0
0021200541,0
0021200937,0
0021500844,0
0021400219,0
0021501204,0
0021500334,0
0021400457,0
0021300201,0
0021400609,0
0021700749,0
0021400865,0
0021500486,0
0021501187,0
0021800369,0
0021200492,0
0021501134,0
0021800959,0
0021500444,0
0021800875,0
0021500351,0
0021401172,0
0021700596,0
0021201146,0
0021201199,0
0021300601,0
0021200804,0
0021500321,0
0021300596,0
0021400620,0
0021400428,0
0021400565,0
0021300821,0
0021500293,0
0021400295,0
0021200385,0
0021200290,0
0021801145,0
0021300064,0
0021801080,0
0021800435,0
0021800283,0
0021700827,0
0021500953,0
0021500644,0
0021300963,0
0021800061,0
0021200545,0
0021800399,0
0021800395,0
0021300484,0
0021400781,0
0021400110,0
0021501181,0
0021401005,0
0021400035,0
0021200412,0
0021801215,0
0021301229,0
0021500355,0
0021300694,0
0021700295,0
0021400312,0
0021400477,0
0021700381,0
0021400289,0
0021400978,0
0021200438,0
0021300035,0
0021700805,0
0021400417,0
0021500234,0
0021400372,0
0021800965,0
0021400662,0
0021300029,0
0021800734,0
0021201122,0
0021400109,0
0021700774,0
0021301130,0
0021400206,0
0021200573,0
0021701053,0
0021800033,0
0021700309,0
0021800629,0
0021300256,0
0021500202,0
0021700433,0
0021401097,0
0021400264,0
0021501015,0
0021700514,0
0021400542,0
0021800523,0
0021800702,0
0021300841,0
0021701226,0
0021500942,0
0021400267,0
0021200858,0
0021800938,0
0021700470,0
0021200806,0
0021300216,0
0021500078,0
0021200873,0
0021700290,0
0021500771,0
0021400604,0
0021500224,0
0021300418,0
0021700047,0
0021701151,0
0021201206,0
0021700539,0
0021501010,0
0021300952,0
0021300955,0
0021200217,0
0021700094,0
0021201217,0
0021300567,0
0021200638,0
0021700723,0
0021400913,0
0021401200,0
0021301204,0
0021700858,0
0021300284,0
0021500298,0
0021800940,0
0021200799,0
0021200463,0
0021200338,0
0021200394,0
0021400852,0
0021700896,0
0021300926,0
0021800436,0
0021200258,0
0021800615,0
0021700464,0
0021800085,0
0021700517,0
0021500957,0
0021500367,0
0021700953,0
0021800459,0
0021400623,0
0021800335,0
0021800686,0
0021500049,0
0021800705,0
0021400134,0
0021501064,0
0021700752,0
0021400955,0
0021500229,0
0021500048,0
0021200625,0
0021500145,0
0021800039,0
0021201044,0
0021500237,0
0021800098,0
0021500819,0
0021400975,0
0021700768,0
0021700083,0
0021500409,0
0021800367,0
0021400641,0
0021700153,0
0021800825,0
0021200232,0
0021300717,0
0021400432,0
0021200489,0
0021800437,0
0021200575,0
0021201074,0
0021400065,0
0021200028,0
0021500255,0
0021300381,0
0021800125,0
0021701174,0
0021500430,0
0021400749,0
0021800775,0
0021500899,0
0021800461,0
0021800678,0
0021301035,0
0021500524,0
0021800341,0
0021700210,0
0021800557,0
0021200506,0
0021400733,0
0021500281,0
0021200332,0
0021700150,0
0021801072,0
0021300048,0
0021700374,0
0021200024,0
0021500280,0
0021200128,0
0021800192,0
0021800065,0
0021700424,0
0021300810,0
0021400998,0
0021800431,0
0021400091,0
0021800999,0
0021800674,0
0021401085,0
0021800665,0
0021700492,0
0021400266,0
0021701054,0
0021700198,0
0021301155,0
0021200735,0
0021400770,0
0021700939,0
0021200341,0
0021701021,0
0021300375,0
0021701083,0
0021801100,0
0021500576,0
0021800215,0
0021800633,0
0021700332,0
0021300147,0
0021401060,0
0021700702,0
0021400408,0
0021200088,0
0021200955,0
0021800476,0
0021800271,0
0021800704,0
0021200825,0
0021800672,0
0021200948,0
0021400208,0
0021700165,0
0021401171,0
0021400431,0
0021500603,0
0021500485,0
0021400588,0
0021300914,0
0021200601,0
0021800546,0
0021700919,0
0021500738,0
0021700773,0
0021200017,0
0021400741,0
0021401147,0
0021200379,0
0021801063,0
0021400156,0
0021501058,0
0021200051,0
0021800595,0
0021500090,0
0021700215,0
0021400223,0
0021300584,0
0021700584,0
0021400518,0
0021800515,0
0021300438,0
0021200174,0
0021201026,0
0021501004,0
0021400108,0
0021400584,0
0021400934,0
0021801220,0
0021800337,0
0021700393,0
0021300714,0
0021800057,0
0021400849,0
0021200529,0
0021200275,0
0021200484,0
0021400191,0
0021701051,0
0021300177,0
0021300376,0
0021300496,0
0021500420,0
0021400163,0
0021701125,0
0021300526,0
0021200755,0
0021301219,0
0021800313,0
0021200035,0
0021200778,0
0021700224,0
0021800238,0
0021500828,0
0021400358,0
0021400971,0
0021301055,0
0021300673,0
0021701050,0
0021401020,0
0021400451,0
0021500111,0
0021400318,0
0021500578,0
0021800387,0
0021200530,0
0021200296,0
0021400875,0
0021300587,0
0021500921,0
0021200928,0
0021300927,0
0021700846,0
0021700970,0
0021300396,0
0021800822,0
0021300909,0
0021201166,0
0021800452,0
0021700068,0
0021401191,0
0021700245,0
0021800797,0
0021300490,0
0021500408,0
0021500990,0
0021201108,0
0021700378,0
0021501184,0
0021701225,0
0021400215,0
0021200957,0
0021400684,0
0021300361,0
0021200044,0
0021200043,0
0021700220,0
0021800142,0
0021801037,0
0021400621,0
0021800082,0
0021500026,0
0021201202,0
0021500366,0
0021200234,0
0021400220,0
0021500001,0
0021300811,0
0021800454,0
0021500783,0
0021800296,0
0021700944,0
0021401197,0
0021400072,0
0021500977,0
0021200163,0
0021300652,0
0021200421,0
0021700825,0
0021500611,0
0021200466,0
0021200098,0
0021800472,0
0021200538,0
0021700776,0
0021500811,0
0021301147,0
0021301049,0
0021800781,0
0021300038,0
0021700365,0
0021300642,0
0021500708,0
0021400506,0
0021500475,0
0021401193,0
0021800259,0
0021300081,0
0021201177,0
0021801177,0
0021500638,0
0021800794,0
0021400198,0
0021500411,0
0021400058,0
0021701204,0
0021201169,0
0021400642,0
0021801170,0
0021800675,0
0021200206,0
0021500693,0
0021300217,0
0021201017,0
0021700028,0
0021401144,0
0021700288,0
0021500206,0
0021501178,0
0021800384,0
0021301189,0
0021300135,0
0021200335,0
0021500652,0
0021200370,0
0021500337,0
0021701044,0
0021500458,0
0021401035,0
0021800145,0
0021700828,0
0021400257,0
0021700013,0
0021500083,0
0021700647,0
0021500226,0
0021700363,0
0021300990,0
0021200475,0
0021300706,0
0021800627,0
0021700260,0
0021800013,0
0021500302,0
0021801046,0
0021700527,0
0021300672,0
0021800932,0
0021400245,0
0021301007,0
0021500397,0
0021801158,0
0021501217,0
0021701217,0
0021401218,0
0021200785,0
0021500815,0
0021500189,0
0021200880,0
0021200827,0
0021300011,0
0021700619,0
0021200555,0
0021700871,0
0021500631,0
0021700392,0
0021200916,0
0021500636,0
0021300506,0
0021800011,0
0021400979,0
0021301010,0
0021801000,0
0021200264,0
0021400062,0
0021300155,0
0021401039,0
0021500154,0
0021200836,0
0021200090,0
0021800660,0
0021800901,0
0021200075,0
0021800850,0
0021801099,0
0021400401,0
0021700625,0
0021301111,0
0021200306,0
0021301163,0
0021300512,0
0021401087,0
0021400897,0
0021800903,0
0021200670,0
0021400760,0
0021300310,0
0021200223,0
0021401157,0
0021200517,0
0021501033,0
0021500684,0
0021301081,0
0021500802,0
0021501229,0
0021201183,0
0021401195,0
0021400310,0
0021700582,0
0021700021,0
0021801039,0
0021401040,0
0021400293,0
0021500758,0
0021501132,0
0021400916,0
0021401143,0
0021500852,0
0021200919,0
0021401124,0
0021200731,0
0021800596,0
0021200005,0
0021400942,0
0021200165,0
0021700395,0
0021200105,0
0021300807,0
0021500379,0
0021400508,0
0021200890,0
0021400088,0
0021701121,0
0021700350,0
0021500776,0
0021800814,0
0021200979,0
0021800373,0
0021300346,0
0021400214,0
0021200565,0
0021401119,0
0021300740,0
0021500761,0
0021700482,0
0021800658,0
0021500249,0
0021200700,0
0021500998,0
0021800993,0
0021400860,0
0021500973,0
0021701097,0
0021800743,0
0021200433,0
0021800871,0
0021300833,0
0021700033,0
0021300586,0
0021200298,0
0021400399,0
0021700015,0
0021200084,0
0021500618,0
0021700838,0
0021800722,0
0021801029,0
0021500095,0
0021701205,0
0021201210,0
0021800031,0
0021300071,0
0021300110,0
0021400254,0
0021300034,0
0021400967,0
0021300099,0
0021700763,0
0021800509,0
0021200193,0
0021700618,0
0021400593,0
0021700679,0
0021400199,0
0021700589,0
0021800323,0
0021500415,0
0021700391,0
0021500057,0
0021301220,0
0021500562,0
0021200546,0
0021300270,0
0021300974,0
0021300258,0
0021201069,0
0021800045,0
0021800928,0
0021200655,0
0021200503,0
0021700039,0
0021701222,0
0021300611,0
0021800681,0
0021301123,0
0021200317,0
0021500812,0
0021300539,0
0021700262,0
0021300951,0
0021201181,0
0021400616,0
0021200243,0
0021500461,0
0021700595,0
0021300255,0
0021801109,0
0021400883,0
0021800392,0
0021800078,0
0021800237,0
0021700334,0
0021300758,0
0021300535,0
0021400962,0
0021801119,0
0021500633,0
0021500768,0
0021500013,0
0021700718,0
0021300322,0
0021300696,0
0021700318,0
0021800190,0
0021700726,0
0021200355,0
0021700553,0
0021400241,0
0021800336,0
0021700746,0
0021201200,0
0021200642,0
0021701172,0
0021500476,0
0021800269,0
0021500843,0
0021200469,0
0021300348,0
0021301119,0
0021700844,0
0021400862,0
0021300775,0
0021501095,0
0021300354,0
0021501118,0
0021501125,0
0021200034,0
0021401175,0
0021700149,0
0021700750,0
0021500232,0
0021800816,0
0021801105,0
0021301019,0
0021201124,0
0021800029,0
0021300803,0
0021501079,0
0021300026,0
0021500702,0
0021300182,0
0021500190,0
0021800477,0
0021200447,0
0021200973,0
0021500169,0
0021800191,0
0021400832,0
0021801131,0
0021200022,0
0021800506,0
0021800782,0
0021801180,0
0021200580,0
0021800821,0
0021300391,0
0021200850,0
0021800170,0
0021801189,0
0021700575,0
0021301127,0
0021200470,0
0021700069,0
0021400530,0
0021300374,0
0021200171,0
0021300163,0
0021301052,0
0021200061,0
0021501054,0
0021301108,0
0021700503,0
0021500614,0
0021201195,0
0021400736,0
0021300837,0
0021700004,0
0021300259,0
0021701013,0
0021800247,0
0021801184,0
0021700115,0
0021300678,0
0021300480,0
0021801135,0
0021800680,0
0021200144,0
0021201066,0
0021700812,0
0021500606,0
0021500624,0
0021700139,0
0021700172,0
0021400790,0
0021800723,0
0021401106,0
0021300582,0
0021200691,0
0021400943,0
0021700065,0
0021400889,0
0021401042,0
0021300117,0
0021200369,0
0021401077,0
0021401126,0
0021400753,0
0021700049,0
0021400139,0
0021700040,0
0021300784,0
0021300180,0
0021500948,0
0021200718,0
0021800935,0
0021701117,0
0021701101,0
0021400958,0
0021400021,0
0021300289,0
0021400585,0
0021200337,0
0021301022,0
0021800064,0
0021200042,0
0021200527,0
0021400187,0
0021200696,0
0021500587,0
0021200953,0
0021400899,0
0021500726,0
0021400831,0
0021200362,0
0021500296,0
0021200500,0
0021500608,0
0021200074,0
0021500729,0
0021501160,0
0021201058,0
0021500493,0
0021401219,0
0021700877,0
0021700532,0
0021200384,0
0021700058,0
0021801094,0
0021400885,0
0021501213,0
0021300106,0
0021200429,0
0021500901,0
0021300210,0
0021500879,0
0021700281,0
0021301084,0
0021201115,0
0021400472,0
0021300365,0
0021500199,0
0021800136,0
0021500700,0
0021800234,0
0021200754,0
0021401044,0
0021200588,0
0021800625,0
0021801004,0
0021701157,0
0021200965,0
0021700983,0
0021800195,0
0021300692,0
0021300218,0
0021700560,0
0021800285,0
0021500335,0
0021400813,0
0021800374,0
0021200304,0
0021501067,0
0021400656,0
0021801017,0
0021800882,0
0021200807,0
0021200480,0
0021801209,0
0021700734,0
0021800863,0
0021500820,0
0021200663,0
0021401047,0
0021301165,0
0021500347,0
0021400497,0
0021800223,0
0021200307,0
0021801053,0
0021301197,0
0021700426,0
0021800687,0
0021700348,0
0021200314,0
0021500604,0
0021800740,0
0021201203,0
0021700459,0
0021800503,0
0021500008,0
0021500997,0
0021800086,0
0021300378,0
0021700594,0
0021800181,0
0021800667,0
0021400904,0
0021500312,0
0021401009,0
0021800923,0
0021500231,0
0021200363,0
0021500617,0
0021200239,0
0021700286,0
0021300577,0
0021700729,0
0021300700,0
0021800233,0
0021400543,0
0021801168,0
0021200784,0
0021500967,0
0021200357,0
0021500064,0
0021500010,0
0021500172,0
0021701196,0
0021300908,0
0021800324,0
0021200285,0
0021700853,0
0021501122,0
0021800894,0
0021801049,0
0021400211,0
0021700255,0
0021400230,0
0021700155,0
0021300111,0
0021700444,0
0021400186,0
0021801216,0
0021300715,0
0021300492,0
0021300928,0
0021400715,0
0021401207,0
0021300412,0
0021400825,0
0021400557,0
0021400205,0
0021300067,0
0021500080,0
0021701169,0
0021300154,0
0021800450,0
0021400394,0
0021300607,0
0021301031,0
0021400578,0
0021700633,0
0021200215,0
0021500425,0
0021700406,0
0021400396,0
0021500113,0
0021701195,0
0021200216,0
0021401065,0
0021201220,0
0021800848,0
0021801035,0
0021700315,0
0021800543,0
0021800554,0
0021800129,0
0021200036,0
0021700545,0
0021200255,0
0021200102,0
0021200986,0
0021300060,0
0021501193,0
0021700537,0
0021401028,0
0021201002,0
0021800112,0
0021200312,0
0021500274,0
0021500897,0
0021501048,0
0021700423,0
0021701002,0
0021300061,0
0021700960,0
0021401023,0
0021700911,0
0021700815,0
0021800446,0
0021401155,0
0021300911,0
0021800742,0
0021200665,0
0021401167,0
0021300161,0
0021700329,0
0021700778,0
0021500769,0
0021400194,0
0021800049,0
0021300265,0
0021300358,0
0021200551,0
0021200248,0
0021400076,0
0021300771,0
0021200159,0
0021400278,0
0021400430,0
0021400647,0
0021300461,0
0021700528,0
0021200004,0
0021200032,0
0021400367,0
0021700327,0
0021300659,0
0021301214,0
0021700669,0
0021200906,0
0021800207,0
0021300126,0
0021800362,0
0021200309,0
0021800719,0
0021401181,0
0021400551,0
0021300874,0
0021800718,0
0021700772,0
0021500027,0
0021300604,0
0021500042,0
0021200903,0
0021301164,0
0021500141,0
0021200841,0
0021500073,0
0021800169,0
0021800505,0
0021301150,0
0021701001,0
0021300468,0
0021400722,0
0021401081,0
0021801202,0
0021200954,0
0021200386,0
0021800613,0
0021400828,0
0021400249,0
0021800038,0
0021401223,0
0021701066,0
0021400325,0
0021400380,0
0021800483,0
0021500555,0
0021700550,0
0021800210,0
0021401134,0
0021801058,0
0021800779,0
0021500271,0
0021500429,0
0021400844,0
0021201171,0
0021400881,0
0021800197,0
0021200911,0
0021400811,0
0021500986,0
0021400949,0
0021400116,0
0021300540,0
0021800137,0
0021500407,0
0021501227,0
0021400846,0
0021201225,0
0021200152,0
0021400393,0
0021400283,0
0021300402,0
0021301206,0
0021501162,0
0021701062,0
0021300316,0
0021400296,0
0021500572,0
0021800587,0
0021301143,0
0021801114,0
0021500114,0
0021200334,0
0021200877,0
0021401080,0
0021800172,0
0021400368,0
0021800745,0
0021200381,0
0021700238,0
0021400113,0
0021200190,0
0021800796,0
0021300004,0
0021401215,0
0021801117,0
0021500834,0
0021200707,0
0021700032,0
0021200975,0
0021400236,0
0021500759,0
0021301183,0
0021400991,0
0021200060,0
0021500917,0
0021401198,0
0021201148,0
0021500459,0
0021700829,0
0021700740,0
0021300098,0
0021300219,0
0021700781,0
0021800824,0
0021500260,0
0021500785,0
0021700027,0
0021701130,0
0021800776,0
0021200383,0
0021801212,0
0021300937,0
0021800541,0
0021800527,0
0021500494,0
0021801104,0
0021800402,0
0021200395,0
0021200267,0
0021501197,0
0021300206,0
0021800151,0
0021201211,0
0021700544,0
0021800068,0
0021700562,0
0021401162,0
0021700822,0
0021400126,0
0021500061,0
0021701210,0
0021300214,0
0021200233,0
0021200667,0
0021700430,0
0021500100,0
0021800327,0
0021701124,0
0021400041,0
0021700362,0
0021800164,0
0021300906,0
0021700538,0
0021200325,0
0021700758,0
0021201174,0
0021400461,0
0021200741,0
0021800778,0
0021400413,0
0021500125,0
0021200068,0
0021500960,0
0021801113,0
0021500800,0
0021800684,0
0021800516,0
0021700050,0
0021300628,0
0021300151,0
0021400692,0
0021500427,0
0021500179,0
0021401022,0
0021300261,0
0021500428,0
0021301083,0
0021200208,0
0021801025,0
0021300451,0
0021301089,0
0021700972,0
0021701065,0
0021500896,0
0021500326,0
0021400558,0
0021301057,0
0021300092,0
0021801054,0
0021701206,0
0021800447,0
0021300812,0
0021700023,0
0021501144,0
0021500904,0
0021301094,0
0021800411,0
0021801093,0
0021201137,0
0021300052,0
0021400568,0
0021500082,0
0021800951,0
0021201118,0
0021200108,0
0021300100,0
0021400027,0
0021500719,0
0021401041,0
0021301087,0
0021400900,0
0021800273,0
0021300616,0
0021400483,0
0021301121,0
0021500723,0
0021800870,0
0021200613,0
0021500821,0
0021301128,0
0021700448,0
0021500329,0
0021500913,0
0021400089,0
0021200110,0
0021701027,0
0021400810,0
0021701006,0
0021800555,0
0021800731,0
0021800105,0
0021700850,0
0021300641,0
0021200736,0
0021301033,0
0021300275,0
0021400577,0
0021200069,0
0021300233,0
0021300595,0
0021300537,0
0021800783,0
0021801213,0
0021500220,0
0021200134,0
0021200859,0
0021500528,0
0021200623,0
0021700101,0
0021800312,0
0021200047,0
0021200982,0
0021700902,0
0021700473,0
0021300653,0
0021301216,0
0021200949,0
0021501047,0
0021800412,0
0021700671,0
0021701031,0
0021500377,0
0021400590,0
0021401211,0
0021500344,0
0021700905,0
0021701132,0
0021500690,0
0021300315,0
0021200205,0
0021500885,0
0021300171,0
0021200901,0
0021200874,0
0021400458,0
0021800630,0
0021400466,0
0021200238,0
0021400627,0
0021400808,0
0021300309,0
0021700246,0
0021800964,0
0021700918,0
0021500610,0
0021400426,0
0021500640,0
0021400067,0
0021401012,0
0021401202,0
0021400376,0
0021400541,0
0021300782,0
0021800310,0
0021400026,0
0021400924,0
0021200073,0
0021300373,0
0021201197,0
0021700097,0
0021700991,0
0021800143,0
0021300138,0
0021700475,0
0021700253,0
0021400669,0
0021500971,0
0021701108,0
0021701141,0
0021701022,0
0021500473,0
0021700893,0
0021300521,0
0021500872,0
0021300649,0
0021400470,0
0021501045,0
0021500766,0
0021300095,0
0021700468,0
0021400505,0
0021700843,0
0021400670,0
0021800126,0
0021200420,0
0021500980,0
0021300762,0
0021800228,0
0021500439,0
0021301211,0
0021700408,0
0021400184,0
0021400637,0
0021700579,0
0021300046,0
0021800491,0
0021800726,0
0021400222,0
0021500448,0
0021700060,0
0021700929,0
0021200844,0
0021200230,0
0021500814,0
0021400092,0
0021300985,0
0021501154,0
0021200436,0
0021200724,0
0021200991,0
0021300199,0
0021200479,0
0021301129,0
0021200829,0
0021200862,0
0021501212,0
0021800924,0
0021800168,0
0021700485,0
0021500903,0
0021700903,0
0021200406,0
0021400460,0
0021200080,0
0021701155,0
0021500749,0
0021400440,0
0021700057,0
0021700476,0
0021201119,0
0021800547,0
0021400562,0
0021300622,0
0021800992,0
0021700874,0
0021300449,0
0021801161,0
0021800788,0
0021400549,0
0021401137,0
0021501228,0
0021800892,0
0021800709,0
0021700836,0
0021300415,0
0021201204,0
0021400300,0
0021800372,0
0021200129,0
0021300247,0
0021301138,0
0021300698,0
0021500565,0
0021800953,0
0021400829,0
0021400874,0
0021800282,0
0021200768,0
0021400512,0
0021800342,0
0021500907,0
0021700284,0
0021400850,0
0021700861,0
0021200168,0
0021300419,0
0021400195,0
0021800513,0
0021300107,0
0021700678,0
0021700705,0
0021500976,0
0021500837,0
0021800695,0
0021200164,0
0021700833,0
0021400618,0
0021500088,0
0021201196,0
0021800328,0
0021200007,0
0021700300,0
0021400592,0
0021400157,0
0021300432,0
0021200121,0
0021700952,0
0021300478,0
0021300157,0
0021400439,0
0021800289,0
0021501020,0
0021400090,0
0021500648,0
0021700709,0
0021301013,0
0021700519,0
0021700956,0
0021501107,0
0021500093,0
0021700088,0
0021300288,0
0021300849,0
0021800080,0
0021800714,0
0021800360,0
0021200894,0
0021501157,0
0021401183,0
0021400374,0
0021500012,0
0021500418,0
0021300501,0
0021400599,0
0021700632,0
0021500560,0
0021700661,0
0021801163,0
0021400837,0
0021500198,0
0021700277,0
0021800017,0
0021800407,0
0021700403,0
0021400304,0
0021400552,0
0021500791,0
0021300231,0
0021400685,0
0021400228,0
0021800844,0
0021701102,0
0021501089,0
0021500205,0
0021801081,0
0021300459,0
0021700869,0
0021800757,0
0021300933,0
0021700010,0
0021400920,0
0021400950,0
0021500320,0
0021200851,0
0021200664,0
0021700982,0
0021300264,0
0021800801,0
0021800132,0
0021200831,0
0021301131,0
0021400243,0
0021500219,0
0021700313,0
0021300979,0
0021800206,0
0021701049,0
0021800845,0
0021200519,0
0021400771,0
0021700357,0
0021700030,0
0021400710,0
0021501120,0
0021300903,0
0021800154,0
0021700438,0
0021400453,0
0021400694,0
0021700785,0
0021201036,0
0021500632,0
0021500454,0
0021700491,0
0021500272,0
0021800632,0
0021700770,0
0021801148,0
0021200904,0
0021700954,0
0021500517,0
0021500588,0
0021500222,0
0021300416,0
0021700999,0
0021201187,0
0021300668,0
0021800773,0
0021500664,0
0021200053,0
0021201159,0
0021200715,0
0021500185,0
0021700194,0
0021700986,0
0021300203,0
0021500961,0
0021200247,0
0021300414,0
0021700183,0
0021200528,0
0021500670,0
0021301113,0
0021700783,0
0021700639,0
0021300630,0
0021800540,0
0021700364,0
0021801061,0
0021400377,0
0021800922,0
0021700479,0
0021300240,0
0021500536,0
0021800162,0
0021800004,0
0021300267,0
0021800453,0
0021201179,0
0021700435,0
0021400672,0
0021701189,0
0021200583,0
0021800401,0
0021400868,0
0021300220,0
0021500356,0
0021400159,0
0021500451,0
0021200846,0
0021800580,0
0021500440,0
0021701223,0
0021301082,0
0021400051,0
0021501036,0
0021700489,0
0021800353,0
0021700713,0
0021300822,0
0021200964,0
0021401201,0
0021400990,0
0021500210,0
0021801169,0
0021701087,0
0021301132,0
0021700449,0
0021200686,0
0021200594,0
0021700921,0
0021500310,0
0021200708,0
0021200723,0
0021800563,0
0021800826,0
0021501117,0
0021500743,0
0021501109,0
0021700142,0
0021400303,0
0021400610,0
0021200912,0
0021200748,0
0021700885,0
0021401114,0
0021200277,0
0021400250,0
0021300313,0
0021500912,0
0021501075,0
0021201205,0
0021200646,0
0021700235,0
0021200173,0
0021301137,0
0021800060,0
0021200918,0
0021301201,0
0021500180,0
0021400362,0
0021300470,0
0021501127,0
0021801187,0
0021800456,0
0021500786,0
0021300440,0
0021400006,0
0021800790,0
0021300619,0
0021300797,0
0021800492,0
0021500774,0
0021500341,0
0021800267,0
0021801138,0
0021501078,0
0021700293,0
0021800786,0
0021200125,0
0021800297,0
0021801082,0
0021200194,0
0021400630,0
0021800960,0
0021201023,0
0021201182,0
0021400814,0
0021700369,0
0021200279,0
0021401173,0
0021701067,0
0021200896,0
0021200683,0
0021500525,0
0021500047,0
0021800942,0
0021300410,0
0021300550,0
0021300342,0
0021300093,0
0021201155,0
0021501098,0
0021800561,0
0021500269,0
0021800480,0
0021800644,0
0021700031,0
0021200197,0
0021300674,0
0021400317,0
0021400443,0
0021300564,0
0021700008,0
0021700420,0
0021201113,0
0021200107,0
0021500900,0
0021300839,0
0021301076,0
0021800116,0
0021500086,0
0021801143,0
0021201116,0
0021500431,0
0021700105,0
0021801207,0
0021400655,0
0021300207,0
0021800941,0
0021700624,0
0021300854,0
0021800500,0
0021300971,0
0021200792,0
0021700093,0
0021400845,0
0021700223,0
0021500779,0
0021201184,0
0021700611,0
0021500832,0
0021800246,0
0021700116,0
0021800067,0
0021200266,0
0021500285,0
0021200876,0
0021700184,0
0021700932,0
0021801152,0
0021300772,0
0021200140,0
0021501145,0
0021201216,0
0021800891,0
0021500215,0
0021200599,0
0021501224,0
0021700379,0
0021800638,0
0021201082,0
0021300517,0
0021401214,0
0021400632,0
0021801154,0
0021701156,0
0021500346,0
0021801062,0
0021300359,0
0021700997,0
0021800276,0
0021200943,0
0021800707,0
0021800818,0
0021300129,0
0021800087,0
0021700167,0
0021300485,0
0021700404,0
0021800594,0
0021200729,0
0021300062,0
0021201011,0
0021200843,0
0021200864,0
0021400931,0
0021800028,0
0021400688,0
0021700682,0
0021800465,0
0021300058,0
0021801057,0
0021801162,0
0021401120,0
0021201154,0
0021300266,0
0021501092,0
0021500368,0
0021700860,0
0021200281,0
0021500519,0
0021500939,0
0021200602,0
0021401206,0
0021501136,0
0021300870,0
0021300959,0
0021700297,0
0021300571,0
0021300077,0
0021401113,0
0021700767,0
0021200176,0
0021300078,0
0021400301,0
0021500156,0
0021200809,0
0021300671,0
0021401052,0
0021300563,0
0021500315,0
0021701029,0
0021300744,0
0021300362,0
0021200794,0
0021500216,0
0021501167,0
0021200453,0
0021500209,0
0021400371,0
0021700973,0
0021200118,0
0021400049,0
0021500951,0
0021400727,0
0021300791,0
0021500564,0
0021800306,0
0021500584,0
0021401152,0
0021800868,0
0021400246,0
0021300834,0
0021300982,0
0021800485,0
0021700046,0
0021300156,0
0021700870,0
0021500098,0
0021700933,0
0021500947,0
0021301047,0
0021300009,0
0021301122,0
0021300790,0
0021700556,0
0021700458,0
0021800562,0
0021701086,0
0021300447,0
0021500176,0
0021500081,0
0021300947,0
0021401064,0
0021800916,0
0021201139,0
0021201125,0
0021500969,0
0021700685,0
0021500991,0
0021800343,0
0021401204,0
0021200426,0
0021201039,0
0021801108,0
0021700824,0
0021400038,0
0021300222,0
0021500097,0
0021800884,0
0021500155,0
0021200185,0
0021300114,0
0021400164,0
0021500034,0
0021800961,0
0021800391,0
0021200399,0
0021501218,0
0021800559,0
0021500547,0
0021400668,0
0021701048,0
0021400886,0
0021400276,0
0021700992,0
0021300629,0
0021500522,0
0021300379,0
0021701038,0
0021201091,0
0021501030,0
0021200440,0
0021800281,0
0021800066,0
0021700958,0
0021300618,0
0021400001,0
0021301145,0
0021300019,0
0021700873,0
0021701014,0
0021500850,0
0021200091,0
0021800968,0
0021400547,0
0021201226,0
0021400762,0
0021400822,0
0021201164,0
0021701171,0
0021300213,0
0021800350,0
0021800009,0
0021500910,0
0021300336,0
0021400560,0
0021700499,0
0021300179,0
0021700606,0
0021700704,0
0021400847,0
0021200945,0
0021800907,0
0021401205,0
0021400144,0
0021301167,0
0021401184,0
0021800414,0
0021300675,0
0021400917,0
0021201033,0
0021200326,0
0021300528,0
0021400903,0
0021400866,0
0021301213,0
0021301191,0
0021300499,0
0021200650,0
0021300351,0
0021200685,0
0021300523,0
0021501220,0
0021400147,0
0021500336,0
0021700346,0
0021700377,0
0021300333,0
0021500434,0
0021701046,0
0021400559,0
0021300239,0
0021500736,0
0021300579,0
0021701173,0
0021800030,0
0021800878,0
0021800455,0
0021400700,0
0021700341,0
0021200178,0
0021200413,0
0021400765,0
0021400120,0
0021800659,0
0021500922,0
0021800581,0
0021200845,0
0021300006,0
0021700340,0
0021500187,0
0021400291,0
0021800677,0
0021300494,0
0021300090,0
0021400438,0
0021801136,0
0021800853,0
0021500883,0
0021800544,0
0021300285,0
0021500601,0
0021800175,0
0021201047,0
0021700415,0
0021200010,0
0021400676,0
0021400757,0
0021700319,0
0021800016,0
0021400930,0
0021201103,0
0021700502,0
0021501041,0
0021700170,0
0021400716,0
0021701056,0
0021500022,0
0021200423,0
0021300509,0
0021301045,0
0021700605,0
0021500714,0
0021500030,0
0021700352,0
0021700585,0
0021401129,0
0021700795,0
0021201111,0
0021400140,0
0021400435,0
0021300172,0
0021800693,0
0021200478,0
0021400939,0
0021501063,0
0021300065,0
0021700826,0
0021500358,0
0021500551,0
0021200648,0
0021500822,0
0021200207,0
0021400778,0
0021400648,0
0021800805,0
0021401078,0
0021500989,0
0021800529,0
0021500831,0
0021700693,0
0021200195,0
0021400045,0
0021400536,0
0021800211,0
0021200200,0
0021700891,0
0021700481,0
0021300010,0
0021400575,0
0021300532,0
0021500460,0
0021200811,0
0021401142,0
0021400801,0
0021800471,0
0021500470,0
0021301014,0
0021400929,0
0021300134,0
0021400818,0
0021300769,0
0021200990,0
0021800153,0
0021800770,0
0021300938,0
0021800623,0
0021400210,0
0021300031,0
0021200805,0
0021700631,0
0021200709,0
0021400838,0
0021700725,0
0021800114,0
0021800364,0
0021400356,0
0021201142,0
0021200779,0
0021500695,0
0021300312,0
0021300245,0
0021500077,0
0021800424,0
0021500163,0
0021201097,0
0021800883,0
0021500740,0
0021500236,0
0021800986,0
0021300988,0
0021700241,0
0021500102,0
0021500063,0
0021800842,0
0021300718,0
0021800957,0
0021501071,0
0021500696,0
0021200935,0
0021400171,0
0021400307,0
0021700677,0
0021801107,0
0021800576,0
0021800255,0
0021300125,0
0021500316,0
0021700338,0
0021200077,0
0021300598,0
0021801133,0
0021400167,0
0021300918,0
0021500005,0
0021800490,0
0021500685,0
0021400861,0
0021700089,0
0021500902,0
0021800832,0
0021400555,0
0021300208,0
0021300780,0
0021300144,0
0021200425,0
0021500851,0
0021200706,0
0021501040,0
0021500659,0
0021300241,0
0021500385,0
0021201010,0
0021700807,0
0021200771,0
0021300986,0
0021800720,0
0021700457,0
0021801228,0
0021200976,0
0021400974,0
0021501108,0
0021200786,0
0021800752,0
0021200126,0
0021200522,0
0021700090,0
0021800906,0
0021701166,0
0021500432,0
0021400068,0
0021300281,0
0021800359,0
0021200186,0
0021700240,0
0021300726,0
0021700487,0
0021501214,0
0021800423,0
0021200146,0
0021500508,0
0021400953,0
0021300827,0
0021800390,0
0021301016,0
0021200630,0
0021500479,0
0021700385,0
0021200182,0
0021800111,0
0021500925,0
0021300515,0
0021500182,0
0021200202,0
0021700447,0
0021800917,0
0021800988,0
0021200252,0
0021801167,0
0021800487,0
0021700880,0
0021300303,0
0021200016,0
0021400382,0
0021300477,0
0021400878,0
0021801188,0
0021201052,0
0021300398,0
0021201198,0
0021700376,0
0021800280,0
0021400324,0
0021800321,0
0021500340,0
0021501025,0
0021401220,0
0021700231,0
0021200523,0
0021300944,0
0021300585,0
0021300385,0
0021800147,0
0021800512,0
0021700578,0
0021200722,0
0021400582,0
0021300975,0
0021501070,0
0021401139,0
0021501152,0
0021500732,0
0021400531,0
0021200521,0
0021200439,0
0021801087,0
0021500746,0
0021501099,0
0021200619,0
0021500570,0
0021801206,0
0021800661,0
0021400016,0
0021500164,0
0021700437,0
0021501016,0
0021400475,0
0021500558,0
0021300863,0
0021500309,0
0021400702,0
0021501170,0
0021400060,0
0021800739,0
0021400890,0
0021500571,0
0021801174,0
0021200368,0
0021700691,0
0021501186,0
0021500597,0
0021300295,0
0021200342,0
0021700162,0
0021200987,0
0021400464,0
0021701146,0
0021700546,0
0021500642,0
0021200175,0
0021300995,0
0021301024,0
0021400586,0
0021200424,0
0021400012,0
0021500932,0
0021200720,0
0021700335,0
0021200556,0
0021301115,0
0021300977,0
0021500256,0
0021301200,0
0021300664,0
0021500273,0
0021500620,0
0021200740,0
0021500403,0
0021700276,0
0021800473,0
0021500978,0
0021700816,0
0021800027,0
0021500174,0
0021300875,0
0021501189,0
0021700267,0
0021300190,0
0021200435,0
0021800131,0
0021300730,0
0021300996,0
0021700811,0
0021800645,0
0021200624,0
0021501225,0
0021700002,0
0021500373,0
0021500686,0
0021700789,0
0021401179,0
0021200895,0
0021200656,0
0021400660,0
0021500041,0
0021400024,0
0021500438,0
0021500744,0
0021400970,0
0021400877,0
0021500020,0
0021800025,0
0021300189,0
0021300800,0
0021400613,0
0021800649,0
0021800970,0
0021700947,0
0021700607,0
0021201077,0
0021700136,0
0021801048,0
0021800896,0
0021301158,0
0021501091,0
0021700892,0
0021500585,0
0021401056,0
0021700955,0
0021800890,0
0021700450,0
0021800858,0
0021500694,0
0021400486,0
0021400608,0
0021300424,0
0021700287,0
0021400161,0
0021700056,0
0021700866,0
0021500616,0
0021400272,0
0021500442,0
0021400162,0
0021200117,0
0021200563,0
0021300384,0
0021500952,0
0021400545,0
0021500308,0
0021300353,0
0021400196,0
0021800032,0
0021700292,0
0021301012,0
0021700613,0
0021701110,0
0021500445,0
0021200288,0
0021801012,0
0021800656,0
0021300495,0
0021201081,0
0021500282,0
0021501076,0
0021301136,0
0021500645,0
0021300194,0
0021200225,0
0021300713,0
0021200770,0
0021301096,0
0021500705,0
0021801021,0
0021500596,0
0021801193,0
0021700792,0
0021301100,0
0021401071,0
0021501069,0
0021501000,0
0021501205,0
0021400354,0
0021201065,0
0021800304,0
0021300450,0
0021401187,0
0021201029,0
0021300320,0
0021800264,0
0021800910,0
0021201157,0
0021500471,0
0021800440,0
0021401032,0
0021301203,0
0021401153,0
0021200414,0
0021200782,0
0021700629,0
0021800565,0
0021300518,0
0021800524,0
0021400271,0
0021700280,0
0021800996,0
0021300745,0
0021700934,0
0021500568,0
0021300850,0
0021800263,0
0021400525,0
0021800636,0
0021800006,0
0021700564,0
0021300079,0
0021400646,0
0021400663,0
0021700995,0
0021200292,0
0021300640,0
0021701116,0
0021401224,0
0021800037,0
0021800698,0
0021200812,0
0021701207,0
0021200636,0
0021700134,0
0021300435,0
0021200536,0
0021400097,0
0021300428,0
0021200848,0
0021200115,0
0021301000,0
0021200744,0
0021700325,0
0021400455,0
0021801200,0
0021400175,0
0021500171,0
0021201223,0
0021400095,0
0021700964,0
0021800619,0
0021400763,0
0021800791,0
0021400926,0
0021800899,0
0021801098,0
0021401216,0
0021500399,0
0021400964,0
0021501061,0
0021800330,0
0021201230,0
0021500079,0
0021500135,0
0021700872,0
0021800014,0
0021700810,0
0021700122,0
0021300795,0
0021200554,0
0021500462,0
0021500120,0
0021501143,0
0021400764,0
0021700229,0
0021300722,0
0021400447,0
0021701188,0
0021800468,0
0021800115,0
0021800466,0
0021200849,0
0021300254,0
0021300369,0
0021500158,0
0021800301,0
0021700683,0
0021300269,0
0021700322,0
0021300057,0
0021700073,0
0021800768,0
0021400864,0
0021400774,0
0021300246,0
0021400768,0
0021800077,0
0021300397,0
0021400697,0
0021800560,0
0021400329,0
0021400104,0
0021400423,0
0021800936,0
0021500370,0
0021300605,0
0021300529,0
0021200418,0
0021501046,0
0021400456,0
0021400516,0
0021800481,0
0021400909,0
0021300159,0
0021200100,0
0021201209,0
0021400706,0
0021700254,0
0021700616,0
0021300196,0
0021700202,0
0021301112,0
0021301205,0
0021700614,0
0021800249,0
0021800422,0
0021200319,0
0021400441,0
0021400806,0
0021700839,0
0021300667,0
0021700649,0
0021700126,0
0021201176,0
0021700559,0
0021700728,0
0021200237,0
0021500724,0
0021501080,0
0021500838,0
0021200816,0
0021400407,0
0021800277,0
0021801176,0
0021700328,0
0021500052,0
0021500265,0
0021700483,0
0021700804,0
0021800634,0
0021401019,0
0021800792,0
0021300429,0
0021501221,0
0021501110,0
0021401168,0
0021800530,0
0021400597,0
0021400351,0
0021800542,0
0021700848,0
0021301106,0
0021500804,0
0021701167,0
0021700501,0
0021700603,0
0021401166,0
0021300734,0
0021300152,0
0021500295,0
0021401103,0
0021500208,0
0021301222,0
0021701145,0
0021800334,0
0021500162,0
0021200416,0
0021200923,0
0021300413,0
0021200089,0
0021300588,0
0021400400,0
0021301020,0
0021200407,0
0021400106,0
0021700351,0
0021300656,0
0021400321,0
0021300739,0
0021501035,0
0021200064,0
0021800072,0
0021201030,0
0021301210,0
0021701203,0
0021300592,0
0021400977,0
0021300966,0
0021800325,0
0021400723,0
0021800713,0
0021701185,0
0021200179,0
0021200070,0
0021701228,0
0021801022,0
0021700129,0
0021501175,0
0021300238,0
0021500669,0
0021400136,0
0021400673,0
0021800590,0
0021400079,0
0021200229,0
0021800188,0
0021200192,0
0021400040,0
0021300075,0
0021800429,0
0021300961,0
0021300967,0
0021300544,0
0021700755,0
0021201224,0
0021700516,0
0021500239,0
0021200733,0
0021200719,0
0021200198,0
0021800608,0
0021800830,0
0021200802,0
0021700197,0
0021200586,0
0021300778,0
0021200145,0
0021301124,0
0021500349,0
0021700428,0
0021400034,0
0021400313,0
0021800727,0
0021500787,0
0021300317,0
0021401053,0
0021300018,0
0021800760,0
0021400233,0
0021700518,0
0021200251,0
0021801140,0
0021800047,0
0021400392,0
0021501131,0
0021400221,0
0021800458,0
0021401091,0
0021200703,0
0021401185,0
0021700878,0
0021700706,0
0021200775,0
0021400342,0
0021400803,0
0021500481,0
0021400149,0
0021400624,0
0021800812,0
0021800564,0
0021400209,0
0021500706,0
0021300818,0
0021700782,0
0021201107,0
0021200582,0
0021801155,0
0021400777,0
0021501147,0
0021700654,0
0021700243,0
0021200130,0
0021700283,0
0021400174,0
0021300759,0
0021800294,0
0021300425,0
0021700875,0
0021300796,0
0021400193,0
0021201000,0
0021400854,0
0021801086,0
0021400086,0
0021700310,0
0021401082,0
0021201042,0
0021400965,0
0021800650,0
0021300729,0
0021300508,0
0021200657,0
0021500130,0
0021700279,0
0021400494,0
0021801060,0
0021401212,0
0021400308,0
0021400482,0
0021700478,0
0021800317,0
0021500251,0
0021400817,0
0021300820,0
0021800413,0
0021400282,0
0021400047,0
0021400596,0
0021701181,0
0021201037,0
0021700962,0
0021800161,0
0021400894,0
0021701042,0
0021200286,0
0021800989,0
0021700588,0
0021200019,0
0021400572,0
0021200167,0
0021800445,0
0021500673,0
0021500933,0
0021700940,0
0021500422,0
0021800091,0
0021200083,0
0021301097,0
0021800879,0
0021400769,0
0021401067,0
0021700719,0
0021400797,0
0021500122,0
0021800499,0
0021401088,0
0021500520,0
0021400863,0
0021200942,0
0021400338,0
0021400010,0
0021200082,0
0021800040,0
0021800833,0
0021400360,0
0021800415,0
0021700830,0
0021800187,0
0021401105,0
0021201172,0
0021800462,0
0021400496,0
0021800449,0
0021300987,0
0021500267,0
0021500583,0
0021800679,0
0021400579,0
0021800862,0
0021301194,0
0021201215,0
0021300568,0
0021800419,0
0021800803,0
0021200180,0
0021700754,0
0021201128,0
0021300371,0
0021700299,0
0021800023,0
0021700425,0
0021400910,0
0021300394,0
0021400625,0
0021501121,0
0021500244,0
0021500993,0
0021500622,0
0021801050,0
0021800914,0
0021700799,0
0021200737,0
0021200643,0
0021300458,0
0021400804,0
0021501119,0
0021400158,0
0021200218,0
0021200315,0
0021200661,0
0021500007,0
0021400172,0
0021401138,0
0021800847,0
0021200133,0
0021400235,0
0021700388,0
0021800160,0
0021300992,0
0021701118,0
0021201088,0
0021300549,0
0021401026,0
0021700883,0
0021200944,0
0021300103,0
0021400298,0
0021400643,0
0021400080,0
0021700181,0
0021400826,0
0021300868,0
0021801011,0
0021300580,0
0021800265,0
0021200917,0
0021200544,0
0021400799,0
0021500892,0
0021800266,0
0021200913,0
0021201060,0
0021700731,0
0021801066,0
0021400170,0
0021200509,0
0021300304,0
0021300574,0
0021200518,0
0021700188,0
0021401178,0
0021800774,0
0021201143,0
0021801074,0
0021800322,0
0021700462,0
0021500203,0
0021501105,0
0021300813,0
0021800755,0
0021801181,0
0021300860,0
0021701208,0
0021200970,0
0021500331,0
0021500712,0
0021700658,0
0021200459,0
0021200931,0
0021400491,0
0021700565,0
0021201193,0
0021500339,0
0021300757,0
0021400022,0
0021400378,0
0021700124,0
0021200499,0
0021700230,0
0021500056,0
0021400119,0
0021801068,0
0021501022,0
0021400639,0
0021500501,0
0021301088,0
0021401213,0
0021801201,0
0021400118,0
0021500687,0
0021700456,0
0021301120,0
0021700266,0
0021401158,0
0021700703,0
0021201168,0
0021200405,0
0021800320,0
0021800823,0
0021800375,0
0021500464,0
0021700412,0
0021200902,0
0021700209,0
0021500160,0
0021300205,0
0021800828,0
0021500530,0
0021700506,0
0021300173,0
0021400605,0
0021700017,0
0021400239,0
0021800189,0
0021700916,0
0021200559,0
0021700333,0
0021500031,0
0021201102,0
0021800222,0
0021200981,0
0021800671,0
0021701126,0
0021400731,0
0021801079,0
0021500628,0
0021300614,0
0021300150,0
0021700576,0
0021400344,0
0021300471,0
0021500332,0
0021500383,0
0021400879,0
0021700898,0
0021200148,0
0021501155,0
0021300733,0
0021300473,0
0021400842,0
0021301159,0
0021700441,0
0021400188,0
0021300737,0
0021500252,0
0021200993,0
0021300047,0
0021301139,0
0021800683,0
0021200347,0
0021801225,0
0021800758,0
0021200557,0
0021700368,0
0021300350,0
0021300632,0
0021800955,0
0021700173,0
0021500498,0
0021500060,0
0021400683,0
0021700684,0
0021200457,0
0021301228,0
0021800201,0
0021500452,0
0021800735,0
0021501226,0
0021800488,0
0021300686,0
0021400125,0
0021201214,0
0021300409,0
0021400176,0
0021800203,0
0021300040,0
0021301050,0
0021501169,0
0021400963,0
0021800934,0
0021200029,0
0021700698,0
0021301196,0
0021800967,0
0021700765,0
0021200417,0
0021300823,0
0021700180,0
0021300482,0
0021500121,0
0021700980,0
0021300978,0
0021200270,0
0021301061,0
0021800631,0
0021401025,0
0021400406,0
0021800316,0
0021700938,0
0021500025,0
0021400444,0
0021400467,0
0021200621,0
0021700511,0
0021200618,0
0021400870,0
0021500248,0
0021400204,0
0021500360,0
0021400564,0
0021200939,0
0021400724,0
0021300830,0
0021800003,0
0021800166,0
0021700460,0
0021400490,0
0021300695,0
0021200071,0
0021400055,0
0021200997,0
0021200494,0
0021300160,0
0021400905,0
0021500391,0
0021500218,0
0021300742,0
0021800948,0
0021300340,0
0021801192,0
0021201158,0
0021300921,0
0021800041,0
0021300232,0
0021300701,0
0021300491,0
0021800813,0
0021700965,0
0021500737,0
0021401226,0
0021700399,0
0021300665,0
0021200820,0
0021700344,0
0021201022,0
0021801198,0
0021400402,0
0021200753,0
0021700814,0
0021200294,0
0021800388,0
0021400812,0
0021800403,0
0021701183,0
0021500387,0
0021701043,0
0021700922,0
0021800288,0
0021300936,0
0021700110,0
0021300958,0
0021800022,0
0021500938,0
0021501003,0
0021801023,0
0021700278,0
0021500513,0
0021500487,0
0021300108,0
0021701137,0
0021700044,0
0021401186,0
0021200922,0
0021800182,0
0021800664,0
0021400437,0
0021300886,0
0021400218,0
0021500523,0
0021401141,0
0021700879,0
0021800526,0
0021500468,0
0021300314,0
0021800226,0
0021300132,0
0021300452,0
0021500753,0
0021500515,0
0021800200,0
0021200800,0
0021300360,0
0021800793,0
0021700790,0
0021400728,0
0021500674,0
0021500369,0
0021500516,0
0021300030,0
0021701057,0
0021300343,0
0021300917,0
0021700145,0
0021700842,0
0021501140,0
0021500944,0
0021300237,0
0021500333,0
0021500264,0
0021400286,0
0021800933,0
0021200132,0
0021201149,0
0021800069,0
0021500557,0
0021300845,0
0021400054,0
0021400014,0
0021401199,0
0021700263,0
0021501165,0
0021701162,0
0021301018,0
0021801038,0
0021500014,0
0021700236,0
0021800589,0
0021500380,0
0021700700,0
0021400566,0
0021200240,0
0021300175,0
0021200653,0
0021500214,0
0021500853,0
0021500940,0
0021500649,0
0021801043,0
0021500067,0
0021700941,0
0021500966,0
0021300020,0
0021300043,0
0021800417,0
0021500183,0
0021400454,0
0021300493,0
0021500084,0
0021401122,0
0021700237,0
0021501106,0
0021301103,0
0021400404,0
0021400671,0
0021800915,0
0021200336,0
0021300612,0
0021200254,0
0021701016,0
0021801150,0
0021501049,0
0021500756,0
0021800381,0
0021701073,0
0021800497,0
0021801065,0
0021200676,0
0021200606,0
0021400574,0
0021401190,0
0021700071,0
0021400436,0
0021401066,0
0021201140,0
0021201186,0
0021701158,0
0021700680,0
0021401132,0
0021800058,0
0021500200,0
0021800568,0
0021500609,0
0021500500,0
0021700889,0
0021800772,0
0021800214,0
0021501195,0
0021400056,0
0021300788,0
0021200824,0
0021800366,0
0021400570,0
0021500228,0
0021701036,0
0021401151,0
0021200246,0
0021800887,0
0021700761,0
0021400783,0
0021200170,0
0021400340,0
0021700250,0
0021200596,0
0021801221,0
0021500127,0
0021500076,0
0021700681,0
0021800519,0
0021700400,0
0021200054,0
0021800944,0
0021400292,0
0021701074,0
0021700113,0
0021701060,0
0021400419,0
0021200813,0
0021800351,0
0021300367,0
0021300186,0
0021400279,0
0021200531,0
0021201167,0
0021500253,0
0021500772,0
0021301212,0
0021300828,0
0021201007,0
0021700024,0
0021801069,0
0021401149,0
0021300866,0
0021300332,0
0021400192,0
0021800252,0
0021401070,0
0021700045,0
0021400305,0
0021300388,0
0021801132,0
0021301209,0
0021400767,0
0021801211,0
0021700930,0
0021501055,0
0021200415,0
0021800733,0
0021700063,0
0021500314,0
0021800258,0
0021200343,0
0021300754,0
0021301178,0
0021700244,0
0021400936,0
0021501211,0
0021301184,0
0021300753,0
0021201114,0
0021800545,0
0021800820,0
0021700454,0
0021800606,0
0021200966,0
0021401063,0
0021500780,0
0021200822,0
0021700646,0
0021800253,0
0021400987,0
0021300399,0
0021401004,0
0021301179,0
0021200033,0
0021701170,0
0021300893,0
0021700917,0
0021500006,0
0021200003,0
0021701082,0
0021200801,0
0021700769,0
0021400809,0
0021300311,0
0021700294,0
0021800083,0
0021400758,0
0021500318,0
0021201050,0
0021400028,0
0021400237,0
0021300105,0
0021200608,0
0021500241,0
0021400887,0
0021500322,0
0021200870,0
0021700152,0
0021500842,0
0021500436,0
0021500287,0
0021800225,0
0021700386,0
0021200887,0
0021200842,0
0021201045,0
0021400902,0
0021200714,0
0021700753,0
0021400048,0
0021201075,0
0021500890,0
0021800761,0
0021300873,0
0021400533,0
0021700204,0
0021301066,0
0021700859,0
0021200821,0
0021201153,0
0021701139,0
0021700190,0
0021200280,0
0021800643,0
0021300525,0
0021400714,0
0021800897,0
0021500676,0
0021801217,0
0021701075,0
0021501112,0
0021200458,0
0021300469,0
0021700920,0
0021300838,0
0021400019,0
0021300644,0
0021300939,0
0021701070,0
0021400370,0
0021801033,0
0021201024,0
0021500984,0
0021700285,0
0021801183,0
0021400011,0
0021700211,0
0021500764,0
0021200728,0
0021200311,0
0021301135,0
0021800537,0
0021701168,0
0021401208,0
0021400840,0
0021300825,0
0021200380,0
0021400381,0
0021200310,0
0021500580,0
0021701008,0
0021400619,0
0021300920,0
0021800385,0
0021400252,0
0021701088,0
0021200228,0
0021201112,0
0021200067,0
0021800728,0
0021200375,0
0021200669,0
0021200758,0
0021500667,0
0021300835,0
0021700135,0
0021500679,0
0021200774,0
0021400145,0
0021400915,0
0021800925,0
0021700261,0
0021701015,0
0021400833,0
0021500602,0
0021400830,0
0021700708,0
0021500046,0
0021201001,0
0021700098,0
0021400993,0
0021200055,0
0021400680,0
0021800239,0
0021800044,0
0021200066,0
0021800482,0
0021800358,0
0021500598,0
0021700558,0
0021700272,0
0021700336,0
0021200898,0
0021401121,0
0021800949,0
0021500691,0
0021200639,0
0021700375,0
0021800851,0
0021801111,0
0021301034,0
0021700894,0
0021700694,0
0021500813,0
0021400556,0
0021801042,0
0021300764,0
0021401170,0
0021400128,0
0021701227,0
0021200257,0
0021401014,0
0021501113,0
0021500147,0
0021700020,0
0021500035,0
0021400093,0
0021401174,0
0021800909,0
0021300507,0
0021200612,0
0021300225,0
0021300120,0
0021500534,0
0021500417,0
0021501085,0
0021700742,0
0021400730,0
0021701059,0
0021300559,0
0021300925,0
0021200057,0
0021500999,0
0021200430,0
0021400535,0
0021500392,0
0021200725,0
0021700159,0
0021500002,0
0021400015,0
0021200393,0
0021801076,0
0021800817,0
0021200482,0
0021500561,0
0021800691,0
0021800194,0
0021700311,0
0021700421,0
0021701198,0
0021200578,0
0021701030,0
0021500823,0
0021300680,0
0021201212,0
0021400003,0
0021300527,0
0021300248,0
0021400691,0
0021801006,0
0021500531,0
0021300302,0
0021501102,0
0021501026,0
0021300072,0
0021500069,0
0021500972,0
0021400288,0
0021400173,0
0021301009,0
0021501050,0
0021300867,0
0021700493,0
0021700025,0
0021800287,0
0021500396,0
0021701140,0
0021800171,0
0021300305,0
0021200049,0
0021800093,0
0021800980,0
0021300460,0
0021401018,0
0021500870,0
0021500546,0
0021300861,0
0021200739,0
0021400517,0
0021800046,0
0021300427,0
0021400263,0
0021401196,0
0021300406,0
0021800156,0
0021400693,0
0021801032,0
0021800208,0
0021700494,0
0021200752,0
0021800167,0
0021200339,0
0021801157,0
0021400094,0
0021400711,0
0021500446,0
0021800178,0
0021300337,0
0021500118,0
0021700146,0
0021700531,0
0021200520,0
0021700923,0
0021201003,0
0021700301,0
0021500711,0
0021701176,0
0021400262,0
0021800528,0
0021801007,0
0021400320,0
0021300112,0
0021500963,0
0021500959,0
0021701090,0
0021800574,0
0021800059,0
0021800985,0
0021201099,0
0021300542,0
0021801020,0
0021200373,0
0021800018,0
0021701149,0
0021200745,0
0021800937,0
0021301185,0
0021700410,0
0021501056,0
0021500594,0
0021300299,0
0021400397,0
0021300583,0
0021700119,0
0021800278,0
0021400391,0
0021700591,0
0021400332,0
0021200093,0
0021400469,0
0021501038,0
0021200633,0
0021400947,0
0021500104,0
0021300609,0
0021500277,0
0021300178,0
0021301065,0
0021500509,0
0021500709,0
0021801090,0
0021800732,0
0021300534,0
0021401086,0
0021200540,0
0021800094,0
0021200780,0
0021701020,0
0021800827,0
0021300420,0
0021300969,0
0021200101,0
0021400983,0
0021200673,0
0021700358,0
0021300430,0
0021300054,0
0021701134,0
0021800908,0
0021201048,0
0021800699,0
0021500225,0
0021300195,0
0021200560,0
0021500675,0
0021200644,0
0021500188,0
0021300816,0
0021200852,0
0021800900,0
0021301005,0
0021301063,0
0021800383,0
0021800688,0
0021800737,0
0021300183,0
0021300620,0
0021700409,0
0021500895,0
0021700979,0
0021400253,0
0021800558,0
0021500533,0
0021700114,0
0021700383,0
0021200687,0
0021700764,0
0021400795,0
0021300454,0
0021500319,0
0021800243,0
0021800510,0
0021400004,0
0021800152,0
0021300881,0
0021800855,0
0021200995,0
0021701190,0
0021401107,0
0021301074,0
0021700656,0
0021301117,0
0021200501,0
0021801137,0
0021300880,0
0021200907,0
0021800155,0
0021200268,0
0021500327,0
0021700802,0
0021500540,0
0021800245,0
0021400644,0
0021800721,0
0021800952,0
0021200742,0
0021700163,0
0021801214,0
0021200854,0
0021200881,0
0021300282,0
0021300548,0
0021801185,0
0021400281,0
0021301224,0
0021201185,0
0021700500,0
0021700687,0
0021201043,0
0021200989,0
0021800628,0
0021201006,0
0021400661,0
0021500389,0
0021400166,0
0021700497,0
0021700668,0
0021300431,0
0021501222,0
0021700520,0
0021300702,0
0021801203,0
0021200014,0
0021400698,0
0021400853,0
0021800498,0
0021700914,0
0021200897,0
0021201136,0
0021500964,0
0021500301,0
0021400115,0
0021400898,0
0021500848,0
0021701178,0
0021400002,0
0021500496,0
0021300972,0
0021500979,0
0021300750,0
0021500982,0
0021200245,0
0021200734,0
0021500186,0
0021700366,0
0021300852,0
0021200263,0
0021800146,0
0021700915,0
0021300581,0
0021700213,0
0021201090,0
0021800929,0
0021200473,0
0021800921,0
0021800299,0
0021800712,0
0021500653,0
0021400976,0
0021200166,0
0021200956,0
0021300143,0
0021700370,0
0021700080,0
0021201228,0
0021300383,0
0021700041,0
0021700673,0
0021200427,0
0021500018,0
0021500808,0
0021500342,0
0021701113,0
0021801077,0
0021400165,0
0021700018,0
0021800165,0
0021800099,0
0021701214,0
0021300139,0
0021201040,0
0021400709,0
0021500871,0
0021800766,0
0021501081,0
0021401016,0
0021800103,0
0021301170,0
0021401150,0
0021300551,0
0021500860,0
0021400499,0
0021300005,0
0021400405,0
0021500662,0
0021800607,0
0021800070,0
0021800653,0
0021400705,0
0021400306,0
0021200271,0
0021700659,0
0021401084,0
0021800106,0
0021200863,0
0021700082,0
0021700644,0
0021400507,0
0021400956,0
0021301078,0
0021500701,0
0021200790,0
0021200868,0
0021400523,0
0021200188,0
0021400355,0
0021201135,0
0021301192,0
0021300814,0
0021700372,0
0021500465,0
0021301171,0
0021800886,0
0021400912,0
0021500962,0
0021200172,0
0021800744,0
0021200259,0
0021800533,0
0021801014,0
0021200542,0
0021200699,0
0021801112,0
0021500087,0
0021200789,0
0021700289,0
0021700264,0
0021800326,0
0021401164,0
0021700038,0
0021400154,0
0021501129,0
0021300446,0
0021800947,0
0021700762,0
0021700604,0
0021701136,0
0021800668,0
0021401112,0
0021500348,0
0021701201,0
0021800349,0
0021801013,0
0021801018,0
0021700563,0
0021500330,0
0021700387,0
0021801224,0
0021700689,0
0021500862,0
0021400100,0
0021800368,0
0021200320,0
0021400611,0
0021200260,0
0021200149,0
0021400695,0
0021800767,0
0021700984,0
0021500165,0
0021200442,0
0021700466,0
0021700317,0
0021300053,0
0021800443,0
0021800159,0
0021500656,0
0021700797,0
0021700536,0
0021500126,0
0021400985,0
0021400752,0
0021800071,0
0021800692,0
0021700455,0
0021300882,0
0021501073,0
0021200658,0
0021800962,0
0021200214,0
0021200539,0
0021400200,0
0021701175,0
0021700451,0
0021200351,0
0021201056,0
0021500094,0
0021300924,0
0021500697,0
0021700055,0
0021800138,0
0021400873,0
0021301180,0
0021500801,0
0021800843,0
0021301004,0
0021201145,0
0021500739,0
0021800730,0
0021500338,0
0021400327,0
0021700593,0
0021700835,0
0021500433,0
0021800837,0
0021201067,0
0021500129,0
0021700463,0
0021200867,0
0021300405,0
0021300363,0
0021700837,0
0021700660,0
0021700699,0
0021800055,0
0021700156,0
0021300486,0
0021300805,0
0021400622,0
0021200187,0
0021301186,0
0021701076,0
0021300118,0
0021500809,0
0021300070,0
0021500946,0
0021501027,0
0021400937,0
0021800548,0
0021300552,0
0021500091,0
0021400168,0
0021801064,0
0021700910,0
0021200318,0
0021200139,0
0021300662,0
0021700208,0
0021200403,0
0021300116,0
0021201207,0
0021700617,0
0021800274,0
0021200340,0
0021400099,0
0021200814,0
0021800139,0
0021400274,0
0021800092,0
0021801159,0
0021300984,0
0021400652,0
0021500294,0
0021400247,0
0021500929,0
0021800102,0
0021700323,0
0021400212,0
0021200410,0
0021300292,0
0021700710,0
0021300643,0
0021800904,0
0021801229,0
0021400217,0
0021200959,0
0021300202,0
0021200549,0
0021400546,0
0021700751,0
0021200297,0
0021800302,0
0021400155,0
0021500698,0
0021300699,0
0021301046,0
0021700840,0
0021700070,0
0021700324,0
0021200905,0
0021300720,0
0021800806,0
0021401154,0
0021700096,0
0021800478,0
0021800697,0
0021801125,0
0021300760,0
0021300627,0
0021500579,0
0021700452,0
0021300091,0
0021300688,0
0021701099,0
0021700733,0
0021300856,0
0021500937,0
0021400043,0
0021800495,0
0021500089,0
0021300930,0
0021300012,0
0021800586,0
0021200524,0
0021300221,0
0021700291,0
0021401024,0
0021300894,0
0021500424,0
0021800711,0
0021400481,0
0021500043,0
0021200899,0
0021700724,0
0021800502,0
0021800809,0
0021700867,0
0021201016,0
0021700820,0
0021700834,0
0021401089,0
0021500371,0
0021200577,0
0021500762,0
0021801199,0
0021500142,0
0021700621,0
0021200576,0
0021300136,0
0021201194,0
0021301068,0
0021300355,0
0021700568,0
0021400738,0
0021300794,0
0021200050,0
0021300973,0
0021300663,0
0021300631,0
0021200830,0
0021700216,0
0021700107,0
0021700067,0
0021700634,0
0021700652,0
0021700125,0
0021700897,0
0021300651,0
0021500270,0
0021800972,0
0021800538,0
0021200124,0
0021300198,0
0021400182,0
0021200865,0
0021500221,0
0021300932,0
0021500965,0
0021400589,0
0021700620,0
0021201131,0
0021700233,0
0021500672,0
0021500499,0
0021500230,0
0021700996,0
0021500258,0
0021200571,0
0021700818,0
0021700857,0
0021700908,0
0021800134,0
0021501053,0
0021200389,0
0021300008,0
0021700667,0
0021200302,0
0021400153,0
0021400023,0
0021800869,0
0021300089,0
0021300897,0
0021200272,0
0021500352,0
0021400132,0
0021700743,0
0021400124,0
0021401050,0
0021200123,0
0021500795,0
0021400345,0
0021301116,0
0021800979,0
0021501216,0
0021800227,0
0021700601,0
0021400265,0
0021800647,0
0021300964,0
0021300869,0
0021500660,0
0021200056,0
0021500839,0
0021700413,0
0021300263,0
0021401079,0
0021400759,0
0021800748,0
0021500466,0
0021401169,0
0021300840,0
0021200449,0
0021300456,0
0021801008,0
0021200698,0
0021400029,0
0021400835,0
0021400388,0
0021400548,0
0021200428,0
0021501150,0
0021501151,0
0021200600,0
0021201134,0
0021300970,0
0021501207,0
0021800363,0
0021300848,0
0021300022,0
0021200284,0
0021800026,0
0021300896,0
0021800448,0
0021800880,0
0021300056,0
0021500589,0
0021200065,0
0021200282,0
0021300965,0
0021501185,0
0021300751,0
0021501013,0
0021300954,0
0021800408,0
0021300168,0
0021200356,0
0021301126,0
0021401001,0
0021401104,0
0021701112,0
0021500036,0
0021800977,0
0021200160,0
0021200717,0
0021800640,0
0021301166,0
0021400973,0
0021200645,0
0021801186,0
0021500535,0
0021200461,0
0021701199,0
0021401013,0
0021300536,0
0021800300,0
0021301075,0
0021200027,0
0021401090,0
0021500233,0
0021200079,0
0021300824,0
0021200615,0
0021400330,0
0021700794,0
0021700011,0
0021400514,0
0021800706,0
0021200920,0
0021200690,0
0021200951,0
0021800756,0
0021200308,0
0021200023,0
0021400750,0
0021700948,0
0021500353,0
0021500757,0
0021400375,0
0021501051,0
0021201076,0
0021700650,0
0021200694,0
0021400951,0
0021200408,0
0021400025,0
0021701093,0
0021300023,0
0021400063,0
0021200547,0
0021500692,0
0021800749,0
0021201093,0
0021301051,0
0021701079,0
0021700306,0
0021300511,0
0021800198,0
0021500357,0
0021700978,0
0021700784,0
0021300244,0
0021800582,0
0021500410,0
0021200321,0
0021700714,0
0021200592,0
0021500909,0
0021300036,0
0021701159,0
0021200059,0
0021800230,0
0021700177,0
0021400102,0
0021300723,0
0021800593,0
0021700242,0
0021300647,0
0021300097,0
0021701009,0
0021700949,0
0021501194,0
0021300945,0
0021400053,0
0021300888,0
0021301069,0
0021200502,0
0021701127,0
0021400112,0
0021301125,0
0021701182,0
0021500055,0
0021200705,0
0021500175,0
0021200660,0
0021400747,0
0021500504,0
0021401083,0
0021200585,0
0021700990,0
0021200635,0
0021800305,0
0021501031,0
0021300123,0
0021800048,0
0021400677,0
0021401008,0
0021301041,0
0021800185,0
0021801027,0
0021200558,0
0021700664,0
0021800591,0
0021800204,0
0021400658,0
0021300306,0
0021500491,0
0021500192,0
0021700111,0
0021201130,0
0021700580,0
0021800867,0
0021700899,0
0021800318,0
0021200157,0
0021501158,0
0021800496,0
0021201170,0
0021500886,0
0021201020,0
0021800242,0
0021300293,0
0021200488,0
0021300488,0
0021801160,0
0021501001,0
0021300727,0
0021500304,0
0021400504,0
0021300994,0
0021700701,0
0021300426,0
0021500626,0
0021800261,0
0021501202,0
0021301227,0
0021300148,0
0021200999,0
0021500211,0
0021301114,0
0021201087,0
0021700007,0
0021200534,0
0021300603,0
0021401217,0
0021500945,0
0021200921,0
0021501014,0
0021700876,0
0021700086,0
0021300390,0
0021700771,0
0021200763,0
0021200761,0
0021500869,0
0021200402,0
0021400260,0
0021501115,0
0021400907,0
0021301198,0
0021300146,0
0021501126,0
0021300556,0
0021800378,0
0021400712,0
0021700551,0
0021500062,0
0021200598,0
0021500825,0
0021700642,0
0021700219,0
0021800997,0
0021400721,0
0021700312,0
0021800819,0
0021300049,0
0021700120,0
0021800354,0
0021401061,0
0021300658,0
0021301188,0
0021800808,0
0021701150,0
0021401017,0
0021500167,0
0021201096,0
0021400348,0
0021301151,0
0021300705,0
0021300634,0
0021400944,0
0021400925,0
0021400602,0
0021200702,0
0021200732,0
0021800762,0
0021200471,0
0021800569,0
0021500556,0
0021800669,0
0021300274,0
0021500794,0
0021300234,0
0021400315,0
0021700496,0
0021801034,0
0021800998,0
0021400234,0
0021400361,0
0021300572,0
0021400013,0
0021200721,0
0021200219,0
0021700976,0
0021501153,0
0021200622,0
0021400232,0
0021401034,0
0021501023,0
0021300074,0
0021701131,0
0021801219,0
0021200265,0
0021300445,0
0021200947,0
0021500149,0
0021801175,0
0021801075,0
0021300253,0
0021700268,0
0021301070,0
0021300655,0
0021800700,0
0021301140,0
0021700686,0
0021300857,0
0021500261,0
0021200910,0
0021200397,0
0021300193,0
0021400075,0
0021300357,0
0021500887,0
0021200872,0
0021300670,0
0021400756,0
0021300066,0
0021300560,0
0021700796,0
0021700574,0
0021300142,0
0021200289,0
0021300408,0
0021400103,0
0021700935,0
0021400606,0
0021501203,0
0021400256,0
0021400933,0
0021401161,0
0021400117,0
0021800866,0
0021300679,0
0021300747,0
0021500637,0
0021200711,0
0021300319,0
0021300338,0
0021800885,0
0021201192,0
0021301002,0
0021701096,0
0021200765,0
0021200671,0
0021400708,0
0021200431,0
0021500868,0
0021500276,0
0021701163,0
0021700054,0
0021800572,0
0021200727,0
0021801172,0
0021300069,0
0021700138,0
0021500212,0
0021700402,0
0021201144,0
0021301029,0
0021700651,0
0021500829,0
0021700207,0
0021400948,0
0021700628,0
0021400729,0
0021300806,0
0021700692,0
0021300779,0
0021401180,0
0021800753,0
0021200099,0
0021200020,0
0021300968,0
0021400908,0
0021400341,0
0021300352,0
0021300339,0
0021800205,0
0021801101,0
0021301175,0
0021300273,0
0021300252,0
0021700572,0
0021500936,0
0021800073,0
0021500152,0
0021800747,0
0021500923,0
0021200574,0
0021401131,0
0021200553,0
0021300475,0
0021700961,0
0021700535,0
0021400851,0
0021200387,0
0021400316,0
0021300386,0
0021300457,0
0021700793,0
0021700432,0
0021400603,0
0021700228,0
0021801103,0
0021200404,0
0021300916,0
0021200514,0
0021400353,0
0021400884,0
0021300223,0
0021200984,0
0021700904,0
0021400615,0
0021500291,0
0021200773,0
0021800609,0
0021800646,0
0021301156,0
0021400628,0
0021400522,0
0021800618,0
0021300230,0
0021300569,0
0021200018,0
0021500150,0
0021800553,0
0021701106,0
0021200210,0
0021200377,0
0021500503,0
0021700712,0
0021701004,0
0021400794,0
0021400503,0
0021200971,0
0021500029,0
0021700416,0
0021800345,0
0021200787,0
0021701111,0
0021500543,0
0021700809,0
0021401225,0
0021400270,0
0021200346,0
0021400664,0
0021500103,0
0021300169,0
0021301080,0
0021400083,0
0021400631,0
0021800765,0
0021500600,0
0021800971,0
0021200616,0
0021700166,0
0021300777,0
0021200914,0
0021500437,0
0021300145,0
0021800451,0
0021500569,0
0021300094,0
0021400008,0
0021300487,0
0021300051,0
0021400791,0
0021200584,0
0021300349,0
0021400554,0
0021400906,0
0021800987,0
0021300283,0
0021200640,0
0021700343,0
0021500995,0
0021400751,0
0021700206,0
0021700353,0
0021300543,0
0021800149,0
0021800592,0
0021500406,0
0021400046,0
0021700597,0
0021400495,0
0021500413,0
0021500567,0
0021301040,0
0021200746,0
0021700373,0
0021200595,0
0021500119,0
0021200637,0
0021300298,0
0021200150,0
0021300513,0
0021400160,0
0021400137,0
0021401192,0
0021300422,0
0021300553,0
0021500605,0
0021700695,0
0021200793,0
0021700051,0
0021500796,0
0021700465,0
0021300522,0
0021701100,0
0021200879,0
0021801059,0
0021800331,0
0021200127,0
0021800173,0
0021200104,0
0021300885,0
0021201104,0
0021400242,0
0021300555,0
0021300045,0
0021500372,0
0021200627,0
0021300115,0
0021700507,0
0021800969,0
0021701011,0
0021400275,0
0021800489,0
0021400718,0
0021500345,0
0021500275,0
0021700486,0
0021200772,0
0021800872,0
0021700886,0
0021500889,0
0021400462,0
0021200204,0
0021500924,0
0021500484,0
0021701209,0
0021300372,0
0021300599,0
0021500238,0
0021501171,0
0021501059,0
0021500537,0
0021300268,0
0021700072,0
0021400636,0
0021800539,0
0021200114,0
0021800174,0
0021201173,0
0021200291,0
0021500981,0
0021800108,0
0021800877,0
0021300768,0
0021500983,0
0021800655,0
0021501082,0
0021800624,0
0021800275,0
0021201178,0
0021200390,0
0021800881,0
0021200333,0
0021201101,0
0021400415,0
0021800939,0
0021201120,0
0021200692,0
0021200231,0
0021700103,0
0021800984,0
0021300476,0
0021500683,0
0021400938,0
0021300746,0
0021700645,0
0021701135,0
0021501052,0
0021700931,0
0021701161,0
0021500893,0
0021400743,0
0021700471,0
0021500803,0
0021200274,0
0021200603,0
0021200815,0
0021201218,0
0021700429,0
0021300660,0
0021300086,0
0021200111,0
0021300294,0
0021500549,0
0021200900,0
0021700928,0
0021300162,0
0021400314,0
0021300404,0
0021801149,0
0021700498,0
0021300341,0
0021800846,0
0021701143,0
0021300826,0
0021401116,0
0021200882,0
0021700314,0
0021500290,0
0021800157,0
0021800212,0
0021400788,0
0021800270,0
0021701186,0
0021200597,0
0021500343,0
0021201071,0
0021400427,0
0021800382,0
0021400882,0
0021201175,0
0021800015,0
0021700095,0
0021500643,0
0021401046,0
0021401209,0
0021300712,0
0021500394,0
0021401146,0
0021200958,0
0021400057,0
0021500023,0
0021200344,0
0021800654,0
0021501116,0
0021500393,0
0021501182,0
0021400459,0
0021800479,0
0021301177,0
0021700665,0
0021300037,0
0021300957,0
0021200358,0
0021700326,0
0021500754,0
0021800913,0
0021400961,0
0021400807,0
0021201152,0
0021500028,0
0021800193,0
0021400493,0
0021200450,0
0021700417,0
0021400526,0
0021200992,0
0021400474,0
0021801151,0
0021301134,0
0021800053,0
0021800088,0
0021800176,0
0021500817,0
0021500727,0
0021200392,0
0021701152,0
0021701025,0
0021701109,0
0021501176,0
0021400352,0
0021800583,0
0021500495,0
0021701187,0
0021200678,0
0021800784,0
0021300101,0
0021200835,0
0021700035,0
0021501090,0
0021200220,0
0021700791,0
0021800943,0
0021300301,0
0021200094,0
0021200486,0
0021300387,0
0021400227,0
0021500985,0
0021501057,0
0021800474,0
0021501074,0
0021700234,0
0021500453,0
0021500849,0
0021200353,0
0021800158,0
0021200932,0
0021300327,0
0021700106,0
0021400309,0
0021800602,0
0021800810,0
0021400433,0
0021401073,0
0021200832,0
0021500266,0
0021200156,0
0021800410,0
0021400540,0
0021701211,0
0021201106,0
0021700522,0
0021300318,0
0021700053,0
0021800021,0
0021801166,0
0021700079,0
0021300716,0
0021300382,0
0021500112,0
0021700127,0
0021301086,0
0021500994,0
0021700868,0
0021200889,0
0021800508,0
0021801003,0
0021700987,0
0021200253,0
0021300466,0
0021201089,0
0021200777,0
0021200350,0
0021700187,0
0021400911,0
0021800648,0
0021300566,0
0021500110,0
0021500722,0
0021800292,0
0021200086,0
0021300910,0
0021400498,0
0021800163,0
0021500131,0
0021500099,0
0021500741,0
0021300871,0
0021500789,0
0021300545,0
0021300981,0
0021401094,0
0021300798,0
0021500354,0
0021300809,0
0021400197,0
0021501161,0
0021300479,0
0021300119,0
0021500378,0
0021200025,0
0021400945,0
0021500591,0
0021500262,0
0021800950,0
0021401228,0
0021500488,0
0021200750,0
0021301110,0
0021701019,0
0021200817,0
0021400201,0
0021800107,0
0021700359,0
0021700674,0
0021200662,0
0021400999,0
0021400287,0
0021701085,0
0021400896,0
0021800104,0
0021500760,0
0021700907,0
0021300898,0
0021800339,0
0021201221,0
0021400492,0
0021800494,0
0021701063,0
0021800333,0
0021200437,0
0021800406,0
0021400843,0
0021400921,0
0021800991,0
0021800444,0
0021800209,0
0021400078,0
0021800371,0
0021300087,0
0021700154,0
0021300676,0
0021500096,0
0021400366,0
0021801208,0
0021401136,0
0021400681,0
0021701068,0
0021201038,0
0021400297,0
0021701032,0
0021500443,0
0021801178,0
0021200213,0
0021400856,0
0021500243,0
0021501096,0
0021800597,0
0021700735,0
0021200184,0
0021400954,0
0021500201,0
0021500526,0
0021200730,0
0021800531,0
0021800019,0
0021800861,0
0021400650,0
0021501130,0
0021700112,0
0021300786,0
0021701071,0
0021500474,0
0021500954,0
0021800771,0
0021700354,0
0021200391,0
0021401029,0
0021200048,0
0021401108,0
0021800795,0
0021700427,0
0021700174,0
0021700985,0
0021700029,0
0021201227,0
0021500882,0
0021400972,0
0021400720,0
0021500146,0
0021400766,0
0021500928,0
0021400952,0
0021201147,0
0021300395,0
0021700981,0
0021500197,0
0021800990,0
0021500574,0
0021800963,0
0021400981,0
0021500395,0
0021500586,0
0021200819,0
0021500045,0
0021700296,0
0021200562,0
0021400268,0
0021200454,0
0021500541,0
0021700942,0
0021200141,0
0021300366,0
0021500847,0
0021200313,0
0021400064,0
0021300024,0
0021200803,0
0021200631,0
0021700422,0
0021500833,0
0021300879,0
0021500015,0
0021400487,0
0021201032,0
0021800034,0
0021700345,0
0021700638,0
0021800486,0
0021500861,0
0021300731,0
0021401059,0
0021700741,0
0021701200,0
0021300765,0
0021200781,0
0021301221,0
0021200026,0
0021500390,0
0021800005,0
0021200120,0
0021500085,0
0021200795,0
0021200045,0
0021400935,0
0021700474,0
0021501060,0
0021201053,0
0021800856,0
0021400346,0
0021700739,0
0021800290,0
0021500398,0
0021300170,0
0021700249,0
0021300648,0
0021700247,0
0021400645,0
0021800010,0
0021400587,0
0021400017,0
0021500987,0
0021700648,0
0021400867,0
0021200154,0
0021400675,0
0021300176,0
0021201201,0
0021401118,0
0021300626,0
0021800736,0
0021701039,0
0021400363,0
0021300983,0
0021300650,0
0021501173,0
0021700084,0
0021400133,0
0021300055,0
0021300121,0
0021200244,0
0021400123,0
0021400422,0
0021400742,0
0021801191,0
0021401100,0
0021400800,0
0021301148,0
0021500554,0
0021500841,0
0021300377,0
0021800918,0
0021300902,0
0021501198,0
0021500678,0
0021700819,0
0021200609,0
0021800457,0
0021500324,0
0021500382,0
0021700074,0
0021800307,0
0021300434,0
0021300589,0
0021700936,0
0021800432,0
0021800973,0
0021300290,0
0021500254,0
0021400665,0
0021800183,0
0021200933,0
0021200860,0
0021400142,0
0021200398,0
0021400429,0
0021400544,0
0021400839,0
0021800348,0
0021300876,0
0021400074,0
0021700716,0
0021300472,0
0021300773,0
0021400096,0
0021300124,0
0021400122,0
0021701221,0
0021400452,0
0021300025,0
0021200641,0
0021400500,0
0021300167,0
0021500857,0
0021300307,0
0021500123,0
0021700274,0
0021700688,0
0021800570,0
0021700975,0
0021800184,0
0021500016,0
0021700766,0
0021701018,0
0021500859,0
0021300184,0
0021501191,0
0021700549,0
0021800902,0
0021800090,0
0021800213,0
0021400550,0
0021700157,0
0021200434,0
0021701037,0
0021701003,0
0021700609,0
0021400859,0
0021700118,0
0021300436,0
0021400018,0
0021700841,0
0021300127,0
0021400059,0
0021700663,0
0021200759,0
0021300158,0
0021300905,0
0021200493,0
0021500166,0
0021801124,0
0021700583,0
0021400434,0
0021800268,0
0021200652,0
0021200980,0
0021301215,0
0021700411,0
0021501029,0
0021500423,0
0021700657,0
0021701047,0
0021400686,0
0021800232,0
0021300489,0
0021400538,0
0021300400,0
0021400359,0
0021301176,0
0021500752,0
0021800865,0
0021400968,0
0021201034,0
0021500359,0
0021200572,0
0021700258,0
0021400130,0
0021500299,0
0021800514,0
0021700140,0
0021200472,0
0021800920,0
0021700635,0
0021700019,0
0021500132,0
0021701040,0
0021701095,0
0021401037,0
0021201208,0
0021700189,0
0021700320,0
0021400595,0
0021801071,0
0021700881,0
0021300279,0
0021301223,0
0021500650,0
0021200465,0
0021400037,0
0021400988,0
0021500575,0
0021800751,0
0021200432,0
0021700852,0
0021300330,0
0021501042,0
0021500207,0
0021500311,0
0021300789,0
0021800600,0
0021500467,0
0021700554,0
0021700823,0
0021200857,0
0021800051,0
0021500136,0
0021700856,0
0021801164,0
0021201150,0
0021700831,0
0021700676,0
0021700217,0
0021700675,0
0021400657,0
0021401069,0
0021500590,0
0021400919,0
0021800097,0
0021500108,0
0021500615,0
0021500138,0
0021700477,0
0021300997,0
0021400754,0
0021800517,0
0021300276,0
0021400638,0
0021500544,0
0021300389,0
0021300546,0
0021701072,0
0021500877,0
0021300590,0
0021701089,0
0021701052,0
0021200532,0
0021200151,0
0021701091,0
0021300481,0
0021400848,0
0021700436,0
0021200361,0
0021200798,0
0021400521,0
0021300068,0
0021301073,0
0021801227,0
0021700552,0
0021200925,0
0021300878,0
0021800370,0
0021700179,0
0021300562,0
0021500956,0
0021400941,0
0021400927,0
0021300950,0
0021500955,0
0021700061,0
0021200888,0
0021800469,0
0021401021,0
0021700212,0
0021500775,0
0021200345,0
0021400148,0
0021800386,0
0021400333,0
0021300235,0
0021400365,0
0021800425,0
0021401062,0
0021501006,0
0021500124,0
0021400111,0
0021401125,0
0021300725,0
0021401110,0
0021801041,0
0021800859,0
0021500595,0
0021200374,0
0021201078,0
0021400114,0
0021700977,0
0021300799,0
0021300141,0
0021200038,0
0021300570,0
0021700521,0
0021501087,0
0021400225,0
0021300229,0
0021400207,0
0021200689,0
0021200634,0
0021301168,0
0021500463,0
0021200756,0
0021400258,0
0021800377,0
0021500627,0
0021700016,0
0021700158,0
0021300257,0
0021400773,0
0021800873,0
0021701123,0
0021700302,0
0021700627,0
0021400501,0
0021700195,0
0021201127,0
0021300693,0
0021200293,0
0021500725,0
0021801002,0
0021201063,0
0021200791,0
0021700736,0
0021800347,0
0021300083,0
0021801096,0
0021201123,0
0021800905,0
0021801010,0
0021200283,0
0021800421,0
0021700303,0
0021201095,0
0021201162,0
0021500770,0
0021400373,0
0021801009,0
0021700196,0
0021801205,0
0021300463,0
0021200409,0
0021700998,0
0021800056,0
0021500405,0
0021801147,0
0021800356,0
0021300691,0
0021700672,0
0021200322,0
0021700440,0
0021700361,0
0021401048,0
0021800361,0
0021300538,0
0021800396,0
0021300437,0
0021400240,0
0021500259,0
0021200487,0
0021400858,0
0021300575,0
0021700168,0
0021700109,0
0021400510,0
0021800614,0
0021300645,0
0021200371,0
0021501190,0
0021300685,0
0021700966,0
0021700602,0
0021201059,0
0021501039,0
0021801223,0
0021200143,0
0021500621,0
0021500905,0
0021400598,0
0021700655,0
0021500223,0
0021300541,0
0021700182,0
0021300929,0
0021700715,0
0021800696,0
0021800376,0
0021800035,0
0021200085,0
0021400583,0
0021801051,0
0021800676,0
0021300401,0
0021200062,0
0021200262,0
0021500286,0
0021800976,0
0021400052,0
0021700342,0
0021300889,0
0021301157,0
0021301028,0
0021700321,0
0021300153,0
0021200483,0
0021700510,0
0021300815,0
0021200826,0
0021500577,0
0021801052,0
0021201138,0
0021201083,0
0021300200,0
0021801197,0
0021400667,0
0021800315,0
0021701180,0
0021500941,0
0021300347,0
0021500612,0
0021201213,0
0021800286,0
0021701092,0
0021800050,0
0021200751,0
0021700788,0
0021300073,0
0021300439,0
0021500681,0
0021700186,0
0021301038,0
0021401043,0
0021400357,0
0021701028,0
0021300682,0
0021800397,0
0021500888,0
0021301105,0
0021800140,0
0021700001,0
0021700637,0
0021801084,0
0021400248,0
0021700636,0
0021400918,0
0021300732,0
0021400782,0
0021800764,0
0021400594,0
0021300017,0
0021200158,0
0021300524,0
0021400792,0
0021400726,0
0021800701,0
0021300250,0
0021701084,0
0021501032,0
0021800008,0
0021700541,0
0021401130,0
0021300767,0
0021200632,0
0021501072,0
0021400823,0
0021800584,0
0021400775,0
0021400328,0
0021300516,0
0021201098,0
0021800218,0
0021200766,0
0021200726,0
0021700608,0
0021400061,0
0021500313,0
0021700192,0
0021200511,0
0021700042,0
0021801089,0
0021400891,0
0021500117,0
0021200810,0
0021701026,0
0021700855,0
0021700993,0
0021800769,0
0021300602,0
0021800420,0
0021201129,0
0021500881,0
0021300887,0
0021800295,0
0021300738,0
0021800244,0
0021700133,0
0021300895,0
0021701219,0
0021501133,0
0021801127,0
0021200611,0
0021400084,0
0021400384,0
0021801092,0
0021301060,0
0021301032,0
0021200988,0
0021500799,0
0021500168,0
0021800251,0
0021200106,0
0021300962,0
0021800567,0
0021401098,0
0021401135,0
0021400787,0
0021401033,0
0021300600,0
0021500050,0
0021400960,0
0021200006,0
0021700557,0
0021400748,0
0021500582,0
0021800956,0
0021500092,0
0021300423,0
0021700697,0
0021401156,0
0021800433,0
0021800975,0
0021300657,0
0021200883,0
0021300059,0
0021501100,0
0021300533,0
0021500009,0
0021700059,0
0021800081,0
0021500680,0
0021700384,0
0021300890,0
0021200155,0
0021501101,0
0021401038,0
0021800293,0
0021400151,0
0021500059,0
0021400135,0
0021200567,0
0021300804,0
0021301042,0
0021500283,0
0021801121,0
0021300520,0
0021700248,0
0021400980,0
0021700989,0
0021200908,0
0021201151,0
0021500830,0
0021700405,0
0021500974,0
0021800834,0
0021200400,0
0021201161,0
0021700446,0
0021400185,0
0021300573,0
0021301062,0
0021301006,0
0021801130,0
0021500109,0
0021500949,0
0021500915,0
0021700199,0
0021300441,0
0021801067,0
0021200273,0
0021801226,0
0021201027,0
0021300368,0
0021501183,0
0021500548,0
0021500143,0
0021400323,0
0021800043,0
0021501201,0
0021301003,0
0021300635,0
0021500750,0
0021201160,0
0021300291,0
0021500866,0
0021200797,0
0021300636,0
0021800831,0
0021700012,0
0021800799,0
0021200628,0
0021200659,0
0021501043,0
0021400326,0
0021400294,0
0021800329,0
0021400529,0
0021300251,0
0021801116,0
0021400085,0
0021500550,0
0021500935,0
0021801055,0
0021700882,0
0021500323,0
0021301023,0
0021800750,0
0021500619,0
0021701035,0
0021700643,0
0021700747,0
0021800573,0
0021501034,0
0021400524,0
0021700890,0
0021700066,0
0021300707,0
0021500798,0
0021800084,0
0021500864,0
0021300637,0
0021201229,0
0021801190,0
0021400789,0
0021500920,0
0021200249,0
0021200013,0
0021200516,0
0021400519,0
0021500884,0
0021800981,0
0021800601,0
0021300989,0
0021200235,0
0021500217,0
0021700696,0
0021700968,0
0021200855,0
0021300862,0
0021201046,0
0021201100,0
0021200853,0
0021700022,0
0021800511,0
0021700988,0
0021400259,0
0021400895,0
0021500918,0
0021201073,0
0021301172,0
0021401015,0
0021500071,0
0021301133,0
0021500019,0
0021801106,0
0021700396,0
0021500875,0
0021300197,0
0021200856,0
0021500128,0
0021301149,0
0021301181,0
0021201035,0
0021800398,0
0021800611,0
0021400534,0
0021200177,0
0021300940,0
0021700548,0
0021301015,0
0021500170,0
0021501159,0
0021800860,0
0021300433,0
0021800127,0
0021701213,0
0021500039,0
0021500381,0
0021700504,0
0021801218,0
0021700164,0
0021401163,0
0021800441,0
0021501172,0
0021400042,0
0021400073,0
0021200764,0
0021400719,0
0021300324,0
0021200119,0
0021700821,0
0021701078,0
0021500782,0
0021200401,0
0021501103,0
0021700218,0
0021300063,0
0021200012,0
0021500194,0
0021200329,0
0021400216,0
0021301195,0
0021800708,0
0021500931,0
0021300014,0
0021300624,0
0021200941,0
0021300623,0
0021300576,0
0021500288,0
0021700529,0
0021400732,0
0021700439,0
0021300591,0
0021800101,0
0021800507,0
0021300102,0
0021401093,0
0021500818,0
0021300531,0
0021500858,0
0021400039,0
0021700567,0
0021501148,0
0021700745,0
0021800605,0
0021400527,0
0021700780,0
0021800130,0
0021500317,0
0021200590,0
0021501018,0
0021800911,0
0021500704,0
0021300728,0
0021300505,0
0021500607,0
0021500778,0
0021200504,0
0021800849,0
0021301026,0
0021300621,0
0021200674,0
0021800128,0
0021700298,0
0021400869,0
0021300227,0
0021701179,0
0021200610,0
0021400189,0
0021501168,0
0021301091,0
0021301207,0
0021801120,0
0021800284,0
0021300122,0
0021300785,0
0021800400,0
0021400098,0
0021200666,0
0021800639,0
0021401003,0
0021800379,0
0021400785,0
0021400997,0
0021800579,0
0021500539,0
0021800291,0
0021300708,0
0021701115,0
0021500490,0
0021500195,0
0021800690,0
0021700737,0
0021800787,0
0021701148,0
0021200081,0
0021400922,0
0021400996,0
0021301095,0
0021200300,0
0021500140,0
0021501166,0
0021301152,0
0021701129,0
0021701160,0
0021501086,0
0021800484,0
0021300272,0
0021800063,0
0021500421,0
0021300836,0
0021200455,0
0021201014,0
0021300735,0
0021301230,0
0021301173,0
0021500563,0
0021400707,0
0021400347,0
0021201121,0
0021700662,0
0021200513,0
0021801047,0
0021801097,0
0021700349,0
0021501137,0
0021400005,0
0021401229,0
0021200161,0
0021301169,0
0021700490,0
0021500950,0
0021800895,0
0021300192,0
0021400635,0
0021200796,0
0021300793,0
0021400489,0
0021700577,0
0021501138,0
0021800780,0
0021700161,0
0021800525,0
0021701007,0
0021200688,0
0021201085,0
0021701147,0
0021701191,0
0021300931,0
0021700469,0
0021300082,0
0021301099,0
0021700513,0
0021801085,0
0021800616,0
0021800800,0
0021801091,0
0021400855,0
0021800811,0
0021300271,0
0021200682,0
0021700854,0
0021400880,0
0021401117,0
0021501208,0
0021400082,0
0021700418,0
0021200445,0
0021400520,0
0021300465,0
0021800135,0
0021200886,0
0021400649,0
0021800958,0
0021700225,0
0021300654,0
0021300980,0
0021400070,0
0021300697,0
0021400678,0
0021500245,0
0021200095,0
0021500021,0
0021201061,0
0021400827,0
0021800119,0
0021400030,0
0021300335,0
0021200961,0
0021500240,0
0021500898,0
0021400816,0
0021501146,0
0021800521,0
0021700407,0
0021301142,0
0021300211,0
0021500196,0
0021300681,0
0021700337,0
0021800577,0
0021200679,0
0021500906,0
0021301199,0
0021801005,0
0021400802,0
0021800346,0
0021300133,0
0021400412,0
0021200654,0
0021500657,0
0021400152,0
0021700927,0
0021500518,0
0021800144,0
0021500151,0
0021700360,0
0021800662,0
0021400573,0
0021300883,0
0021801194,0
0021301098,0
0021700744,0
0021800405,0
0021500988,0
0021400815,0
0021200250,0
0021300042,0
0021400701,0
0021800109,0
0021500840,0
0021800622,0
0021800256,0
0021500388,0
0021800652,0
0021201057,0
0021300855,0
0021500542,0
0021801073,0
0021300224,0
0021300393,0
0021400138,0
0021201191,0
0021300188,0
0021200564,0
0021500374,0
0021700590,0
0021301021,0
0021300913,0
0021400614,0
0021700275,0
0021500004,0
0021400892,0
0021300859,0
0021300411,0
0021300865,0
0021500824,0
0021400796,0
0021800551,0
0021200138,0
0021700756,0
0021500456,0
0021700339,0
0021401159,0
0021200211,0
0021200510,0
0021700367,0
0021200352,0
0021700738,0
0021701098,0
0021700445,0
0021400703,0
0021700356,0
0021200885,0
0021400350,0
0021700431,0
0021500573,0
0021500731,0
0021300844,0
0021400539,0
0021701034,0
0021500663,0
0021700148,0
0021200460,0
0021301154,0
0021700461,0
0021700626,0
0021801142,0
0021800725,0
0021400181,0
0021701133,0
0021200078,0
0021300899,0
0021200242,0
0021401145,0
0021200191,0
0021800355,0
0021700232,0
0021801123,0
0021400071,0
0021400793,0
0021401127,0
0021300858,0
0021400339,0
0021200508,0
0021400101,0
0021800460,0
0021500836,0
0021700282,0
0021201054,0
0021200550,0
0021700779,0
0021301008,0
0021200591,0
0021400032,0
0021301085,0
0021200388,0
0021500472,0
0021300088,0
0021200189,0
0021500441,0
0021500105,0
0021800919,0
0021200783,0
0021700775,0
0021200533,0
0021201109,0
0021700201,0
0021500735,0
0021500053,0
0021700484,0
0021401049,0
0021200169,0
0021200526,0
0021200983,0
0021400425,0
0021700091,0
0021800729,0
0021300610,0
0021200833,0
0021801129,0
0021500559,0
0021800133,0
0021701114,0
0021500682,0
0021200261,0
0021300325,0
0021700347,0
0021300021,0
0021700144,0
0021700813,0
0021400081,0
0021700722,0
0021800219,0
0021500178,0
0021201084,0
0021800689,0
0021300661,0
0021800839,0
0021301218,0
0021400277,0
0021400772,0
0021300617,0
0021801195,0
0021300277,0
0021500292,0
0021300864,0
0021700547,0
0021200548,0
0021700641,0
0021501083,0
0021400418,0
0021700569,0
0021300236,0
0021500919,0
0021300033,0
0021500748,0
0021300530,0
0021400480,0
0021400659,0
0021500699,0
0021200838,0
0021800798,0
0021300558,0
0021500497,0
0021800434,0
0021300027,0
0021300831,0
0021800741,0
0021701061,0
0021200031,0
0021200092,0
0021400819,0
0021700257,0
0021500412,0
0021300226,0
0021500665,0
0021200581,0
0021500927,0
0021400984,0
0021700800,0
0021800117,0
0021200505,0
0021301187,0
0021800666,0
0021700863,0
0021300907,0
0021700305,0
0021500416,0
0021500204,0
0021400442,0
0021800220,0
0021301202,0
0021300891,0
0021700130,0
0021201072,0
0021800416,0
0021400679,0
0021800196,0
0021300704,0
0021800588,0
0021701069,0
0021400690,0
0021401007,0
0021700592,0
0021300215,0
0021800124,0
0021201015,0
0021200087,0
0021701010,0
0021500263,0
0021500051,0
0021200927,0
0021800216,0
0021200222,0
0021401160,0
0021200330,0
0021200552,0
0021500552,0
0021201126,0
0021401006,0
0021201064,0
0021700748,0
0021401101,0
0021300638,0
0021800566,0
0021400479,0
0021300817,0
0021301141,0
0021800876,0
0021200131,0
0021200411,0
0021700222,0
0021500592,0
0021700147,0
0021700453,0
0021300846,0
0021500184,0
0021200331,0
0021500745,0
0021801141,0
0021700308,0
0021300847,0
0021700542,0
0021800024,0
0021200009,0
0021401076,0
0021200647,0
0021701154,0
0021401194,0
0021800393,0
0021300185,0
0021200116,0
0021801156,0
0021700214,0
0021501192,0
0021301030,0
0021500450,0
0021200364,0
0021501002,0
0021400989,0
0021300109,0
0021500065,0
0021400798,0
0021500181,0
0021700005,0
0021700009,0
0021800179,0
0021800344,0
0021200747,0
0021300442,0
0021201086,0
0021401075,0
0021400607,0
0021800150,0
0021200875,0
0021200328,0
0021500362,0
0021300032,0
0021201008,0
0021200096,0
0021300703,0
0021200365,0
0021500400,0
0021400563,0
0021500718,0
0021400901,0
0021700203,0
0021200972,0
0021800598,0
0021500507,0
0021800260,0
0021500268,0
0021300749,0
0021300084,0
0021700862,0
0021700959,0
0021501012,0
0021400734,0
0021300308,0
0021200938,0
0021800930,0
0021301193,0
0021500325,0
0021300448,0
0021401011,0
0021200046,0
0021401176,0
0021200604,0
0021501111,0
0021700732,0
0021500455,0
0021400725,0
0021200360,0
0021800001,0
0021700169,0
0021300356,0
0021300249,0
0021400121,0
0021500773,0
0021200181,0
0021800012,0
0021400932,0
0021500720,0
0021800946,0
0021500529,0
0021700523,0
0021800118,0
0021200620,0
0021701094,0
0021700525,0
0021401102,0
0021501179,0
0021400335,0
0021200847,0
0021500646,0
0021200617,0
0021200305,0
0021800235,0
0021800898,0
0021400449,0
0021400834,0
0021700711,0
0021800841,0
0021200537,0
0021300039,0
0021400238,0
0021500032,0
0021701165,0
0021700273,0
0021700442,0
0021301059,0
0021800852,0
0021201110,0
0021800682,0
0021300608,0
0021300956,0
0021500037,0
0021500878,0
0021700555,0
0021800518,0
0021200543,0
0021300474,0
0021400420,0
0021400251,0
0021800617,0
0021500106,0
0021800504,0
0021500641,0
0021500734,0
0021800314,0
0021300209,0
0021500623,0
0021800217,0
0021400414,0
0021700176,0
0021800501,0
0021301072,0
0021800442,0
0021400190,0
0021701138,0
0021300407,0
0021500880,0
0021500934,0
0021300993,0
0021501123,0
0021300364,0
0021300007,0
0021500688,0
0021400995,0
0021300829,0
0021700014,0
0021400033,0
0021400581,0
0021500891,0
0021500715,0
0021800229,0
0021400704,0
0021200324,0
0021501210,0
0021500483,0
0021400463,0
0021200491,0
0021400445,0
0021701220,0
0021801153,0
0021700034,0
0021800308,0
0021500139,0
0021201070,0
0021300228,0
0021300677,0
0021400261,0
0021401188,0
0021800575,0
0021700786,0
0021300287,0
0021400178,0
0021200946,0
0021301226,0
0021401072,0
0021400740,0
0021400696,0
0021501215,0
0021701023,0
0021500289,0
0021801122,0
0021400982,0
0021801019,0
0021301048,0
0021400561,0
0021501017,0
0021200626,0
0021200490,0
0021301017,0
0021300565,0
0021200396,0
0021300467,0
0021700316,0
0021400009,0
0021300593,0
0021300872,0
0021500677,0
0021200507,0
0021500426,0
0021400331,0
0021301101,0
0021200162,0
0021701194,0
0021300016,0
0021501199,0
0021400349,0
0021301058,0
0021200561,0
0021300130,0
0021800966,0
0021500247,0
0021501028,0
0021200142,0
0021200668,0
0021201132,0
0021701164,0
0021501206,0
0021200996,0
0021400821,0
0021500404,0
0021800148,0
0021400836,0
0021700581,0
0021801146,0
0021800418,0
0021800974,0
0021800889,0
0021400105,0
0021200808,0
0021200738,0
0021300948,0
0021301162,0
0021200236,0
0021500510,0
0021500747,0
0021500728,0
0021300748,0
0021500593,0
0021500477,0
0021200762,0
0021300843,0
0021200605,0
0021200985,0
0021200464,0
0021400468,0
0021700151,0
0021500805,0
0021300998,0
0021500527,0
0021500401,0
0021500419,0
0021800694,0
0021300741,0
0021700849,0
0021500242,0
0021401148,0
0021400411,0
0021801095,0
0021701122,0
0021500038,0
0021700943,0
0021200224,0
0021800888,0
0021200203,0
0021401036,0
0021400612,0
0021501156,0
0021300783,0
0021200030,0
0021701229,0
0021700612,0
0021800248,0
0021700787,0
0021800254,0
0021500721,0
0021300080,0
0021200915,0
0021401010,0
0021800571,0
0021700653,0
0021500227,0
0021800657,0
0021500647,0
0021200226,0
0021500914,0
0021400285,0
0021401030,0
0021300321,0
0021801182,0
0021701184,0
0021400421,0
0021200680,0
0021200962,0
0021200684,0
0021201188,0
0021200153,0
0021501019,0
0021300278,0
0021200462,0
0021401203,0
0021300639,0
0021800926,0
0021500668,0
0021400471,0
0021200112,0
0021200441,0
0021500807,0
0021800298,0
0021700865,0
0021700808,0
0021200135,0
0021200871,0
0021401092,0
0021800763,0
0021401095,0
0021400959,0
0021400336,0
0021400553,0
0021400576,0
0021500384,0
0021501223,0
0021800236,0
0021300498,0
0021400066,0
0021800463,0
0021200969,0
0021500011,0
0021500521,0
0021500386,0
0021800221,0
0021700801,0
0021700543,0
0021500133,0
0021800724,0
0021200998,0
0021800550,0
0021301054,0
0021200295,0
0021800177,0
0021400567,0
0021801165,0
0021701105,0
0021700227,0
0021200485,0
0021200354,0
0021800428,0
0021700205,0
0021301093,0
0021801026,0
0021800746,0
0021700912,0
0021400031,0
0021701177,0
0021800789,0
0021300149,0
0021300774,0
0021700926,0
0021300904,0
0021800100,0
0021400131,0
0021400746,0
0021501141,0
0021200278,0
0021700561,0
0021200994,0
0021701000,0
0021700259,0
0021400334,0
0021400299,0
0021801031,0
0021800186,0
0021400640,0
0021700760,0
0021800338,0
0021400284,0
0021200716,0
0021800673,0
0021800927,0
0021400450,0
0021700570,0
0021301107,0
0021300344,0
0021400761,0
0021701077,0
0021500250,0
0021700974,0
0021500689,0
0021500068,0
0021501077,0
0021300942,0
0021701153,0
0021701197,0
0021300752,0
0021800703,0
0021700690,0
0021300128,0
0021301109,0
0021400634,0
0021500375,0
0021700006,0
0021800438,0
0021701193,0
0021700137,0
0021201062,0
0021300912,0
0021300808,0
0021700003,0
0021200776,0
0021200878,0
0021200136,0
0021800857,0
0021500066,0
0021700512,0
0021701224,0
0021500161,0
0021800754,0
0021200570,0
0021201068,0
0021200757,0
0021400946,0
0021401057,0
0021500376,0
0021500492,0
0021200359,0
0021400302,0
0021800626,0
0021200276,0
0021400386,0
0021501164,0
0021700913,0
0021801110,0
0021700759,0
0021200593,0
0021800224,0
0021200372,0
0021401115,0
0021201117,0
0021500328,0
0021200221,0
0021500017,0
0021400180,0
0021300594,0
0021400893,0
0021800036,0
0021201156,0
0021400226,0
0021400513,0
0021300976,0
0021701081,0
0021200467,0
0021700727,0
0021700270,0
0021800663,0
0021700571,0
0021300615,0
0021300380,0
0021700076,0
0021500876,0
0021400654,0
0021700052,0
0021800815,0
0021300242,0
0021701012,0
0021300041,0
0021500300,0
0021500784,0
0021500792,0
0021301071,0
0021700937,0
0021700925,0
0021700414,0
0021800637,0
0021800854,0
0021800199,0
0021400651,0
0021301090,0
0021300900,0
0021700043,0
0021500514,0
0021800394,0
0021301056,0
0021700803,0
0021300323,0
0021400465,0
0021200589,0
0021700895,0
0021300028,0
0021800123,0
0021400923,0
0021700884,0
0021401123,0
0021300500,0
0021301102,0
0021800096,0
0021200649,0
0021700221,0
0021700950,0
0021800641,0
0021700526,0
0021400841,0
0021201012,0
0021500469,0
0021700037,0
0021801173,0
0021501135,0
0021700077,0
0021800603,0
0021300345,0
0021500101,0
0021801028,0
0021500635,0
0021701045,0
0021500651,0
0021500072,0
0021300597,0
0021200512,0
0021700265,0
0021501068,0
0021200869,0
0021800642,0
0021800610,0
0021401054,0
0021300547,0
0021700957,0
0021300819,0
0021701103,0
0021201018,0
0021200515,0
0021300503,0
0021400699,0
0021300999,0
0021800113,0
0021501021,0
0021700994,0
0021200378,0
0021700817,0
0021700757,0
0021800864,0
0021500654,0
0021800007,0
0021800556,0
0021800231,0
0021200498,0
0021400379,0
0021800120,0
0021200072,0
0021800054,0
0021201105,0
0021400177,0
0021800365,0
0021400600,0
0021500788,0
0021800549,0
0021500639,0
0021700075,0
0021400036,0
0021500625,0
0021500435,0
0021500489,0
0021801016,0
0021700666,0
0021500793,0
0021500816,0
0021300013,0
0021200940,0
0021300497,0
0021500511,0
0021800470,0
0021500873,0
0021500634,0
0021401045,0
0021500159,0
0021300455,0
0021401000,0
0021501142,0
0021200468,0
0021200227,0
0021200137,0
0021200525,0
0021800621,0
0021800995,0
0021301160,0
0021401222,0
0021700806,0
0021700707,0
0021301217,0
0021500666,0
0021800389,0
0021400689,0
0021300370,0
0021301027,0
0021401128,0
0021300792,0
0021501219,0
0021301104,0
0021501230,0
0021400476,0
0021201004,0
0021401058,0
0021700600,0
0021400735,0
0021400202,0
0021400343,0
